电影,导演,主演,时间,国家,类型,评分,评价人数（人）,评语
1.肖申克的救赎,弗兰克·德拉邦特 Frank Darabont,蒂姆·罗宾斯,1994,美国,犯罪 剧情,9.7,2954949,希望让人自由。
2.霸王别姬,陈凯歌 Kaige Chen,张国荣,1993,中国大陆 中国香港,剧情 爱情 同性,9.6,2182992,风华绝代。
3.阿甘正传,罗伯特·泽米吉斯 Robert Zemeckis,汤姆·汉克斯,1994,美国,剧情 爱情,9.5,2202142,一部美国近现代史。
4.泰坦尼克号,詹姆斯·卡梅隆 James Cameron,莱昂纳多·迪卡普里奥,1997,美国 墨西哥,剧情 爱情 灾难,9.5,2236639,失去的才是永恒的。 
5.这个杀手不太冷,吕克·贝松 Luc Besson,让·雷诺,1994,法国 美国,剧情 动作 犯罪,9.4,2333867,怪蜀黍和小萝莉不得不说的故事。
6.千与千寻,宫崎骏 Hayao Miyazaki,柊瑠美,2001,日本,剧情 动画 奇幻,9.4,2285856,最好的宫崎骏，最好的久石让。 
7.美丽人生,罗伯托·贝尼尼 Roberto Benigni,罗伯托·贝尼尼,1997,意大利,剧情 喜剧 爱情 战争,9.5,1350265,最美的谎言。
8.星际穿越,克里斯托弗·诺兰 Christopher Nolan,马修·麦康纳,2014,美国 英国 加拿大,剧情 科幻 冒险,9.4,1893249,爱是一种力量，让我们超越时空感知它的存在。
9.盗梦空间,克里斯托弗·诺兰 Christopher Nolan,莱昂纳多·迪卡普里奥,2010,美国 英国,剧情 科幻 悬疑 冒险,9.4,2106036,诺兰给了我们一场无法盗取的梦。
10.辛德勒的名单,史蒂文·斯皮尔伯格 Steven Spielberg,连姆·尼森,1993,美国,剧情 历史 战争,9.5,1140584,拯救一个人，就是拯救整个世界。
11.楚门的世界,彼得·威尔 Peter Weir,金·凯瑞,1998,美国,剧情 科幻,9.4,1754905,如果再也不能见到你，祝你早安，午安，晚安。
12.忠犬八公的故事,莱塞·霍尔斯道姆 Lasse Hallström,理查·基尔,2009,美国 英国,剧情,9.4,1420286,永远都不能忘记你所爱的人。
13.海上钢琴师,朱塞佩·托纳多雷 Giuseppe Tornatore,蒂姆·罗斯,1998,意大利,剧情 音乐,9.3,1707045,每个人都要走一条自己坚定了的路，就算是粉身碎骨。 
14.三傻大闹宝莱坞,拉库马·希拉尼 Rajkumar Hirani,阿米尔·汗,2009,印度,剧情 喜剧 爱情 歌舞,9.2,1891112,英俊版憨豆，高情商版谢耳朵。
15.放牛班的春天,克里斯托夫·巴拉蒂 Christophe Barratier,让-巴蒂斯特·莫尼...,2004,法国 瑞士 德国,剧情 音乐,9.3,1337366,天籁一般的童声，是最接近上帝的存在。 
16.机器人总动员,安德鲁·斯坦顿 Andrew Stanton,本·贝尔特,2008,美国,科幻 动画 冒险,9.3,1341110,小瓦力，大人生。
17.疯狂动物城,拜伦·霍华德 Byron Howard / 瑞奇·摩尔 Rich Moore,金妮弗·...,2016,美国,喜剧 动画 冒险,9.2,1985279,迪士尼给我们营造的乌托邦就是这样，永远善良勇敢，永远出乎意料。
18.无间道,刘伟强 / 麦兆辉,刘德华,2002,中国香港,剧情 犯罪 惊悚,9.3,1394343,香港电影史上永不过时的杰作。
19.控方证人,比利·怀尔德 Billy Wilder,泰隆·鲍华,1957,美国,剧情 犯罪 悬疑,9.6,582624,比利·怀德满分作品。
20.大话西游之大圣娶亲,刘镇伟 Jeffrey Lau,周星驰,1995,中国香港 中国大陆,喜剧 爱情 奇幻 古装,9.2,1560555,一生所爱。
21.熔炉,黄东赫 Dong-hyuk Hwang,孔侑,2011,韩国,剧情,9.4,948053,我们一路奋战不是为了改变世界，而是为了不让世界改变我们。
22.教父,弗朗西斯·福特·科波拉 Francis Ford Coppola,马龙·白兰度,1972,美国,剧情 犯罪,9.3,988322,千万不要记恨你的对手，这样会让你失去理智。
23.触不可及,奥利维·那卡什 Olivier Nakache / 艾力克·托兰达 Eric Toledano,触不可及,2011,法国,剧情 喜剧,9.3,1143442,满满温情的高雅喜剧。
24.当幸福来敲门,加布里尔·穆奇诺 Gabriele Muccino,威尔·史密斯,2006,美国,剧情 传记 家庭,9.2,1546800,平民励志片。 
25.寻梦环游记,李·昂克里奇 Lee Unkrich / 阿德里安·莫利纳 Adrian Molina,...,2017,美国,喜剧 动画 奇幻 音乐,9.1,1724292,死亡不是真的逝去，遗忘才是永恒的消亡。
26.末代皇帝,贝纳尔多·贝托鲁奇 Bernardo Bertolucci,尊龙,1987,英国 意大利 中国大陆 法国,剧情 传记 历史,9.3,907640,“不要跟我比惨，我比你更惨”再适合这部电影不过了。
27.龙猫,宫崎骏 Hayao Miyazaki,日高法子,1988,日本,动画 奇幻 冒险,9.2,1289321,人人心中都有个龙猫，童年就永远不会消失。
28.怦然心动,罗伯·莱纳 Rob Reiner,玛德琳·卡罗尔,2010,美国,剧情 喜剧 爱情,9.1,1867250,真正的幸福是来自内心深处。
29.活着,张艺谋 Yimou Zhang,葛优,1994,中国大陆 中国香港,剧情 历史 家庭,9.3,865649,张艺谋最好的电影。
30.哈利·波特与魔法石,Chris Columbus,Daniel,2001,美国 英国,奇幻 冒险,9.2,1222662,童话世界的开端。
31.蝙蝠侠：黑暗骑士,克里斯托弗·诺兰 Christopher Nolan,克里斯蒂安·贝尔,2008,美国 英国,剧情 动作 科幻 犯罪 惊悚,9.2,1083270,无尽的黑暗。
32.指环王3：王者无敌,彼得·杰克逊 Peter Jackson,伊利亚·伍德,2003,美国 新西兰,剧情 动作 奇幻 冒险,9.3,819871,史诗的终章。
33.我不是药神,文牧野 Muye Wen,徐峥,2018,中国大陆,剧情 喜剧,9.0,2143838,对我们国家而言，这样的电影多一部是一部。
34.乱世佳人,维克多·弗莱明 Victor Fleming / 乔治·库克 George Cukor,费...,1939,美国,剧情 历史 爱情 战争,9.3,705589,Tomorrow is another day.
35.飞屋环游记,彼特·道格特 Pete Docter / 鲍勃·彼德森 Bob Peterson,爱德...,2009,美国,剧情 喜剧 动画 冒险,9.1,1352839,最后那些最无聊的事情，才是最值得怀念的。 
36.素媛,李濬益 Jun-ik Lee,薛景求,2013,韩国,剧情,9.3,701041,受过伤害的人总是笑得最开心，因为他们不愿意让身边的人承受一样的痛苦。
37.十二怒汉,Sidney Lumet,亨利·方达,1957,美国,剧情,9.4,503700,1957年的理想主义。 
38.哈尔的移动城堡,宫崎骏 Hayao Miyazaki,倍赏千惠子,2004,日本,动画 奇幻 冒险,9.1,1049196,带着心爱的人在天空飞翔。
39.何以为家,娜丁·拉巴基 Nadine Labaki,扎因·拉费阿,2018,黎巴嫩 美国 法国 塞浦路斯 卡塔尔 英国,剧情,9.1,1064666,凝视卑弱生命，用电影改变命运。
40.让子弹飞,姜文 Wen Jiang,姜文,2010,中国大陆 中国香港,剧情 喜剧 动作 西部,9.0,1732787,你给我翻译翻译，神马叫做TMD的惊喜。
41.摔跤吧！爸爸,涅提·蒂瓦里 Nitesh Tiwari,阿米尔·汗,2016,印度,剧情 传记 运动 家庭,9.0,1596237,你不是在为你一个人战斗，你要让千千万万的女性看到女生并不是只能相夫教子。
42.猫鼠游戏,史蒂文·斯皮尔伯格 Steven Spielberg,莱昂纳多·迪卡普里奥,2002,美国 加拿大,传记 犯罪 剧情,9.1,1053885,骗子大师和执著警探的你追我跑故事。 
43.天空之城,宫崎骏 Hayao Miyazaki,田中真弓,1986,日本,动画 奇幻 冒险,9.2,895911,对天空的追逐，永不停止。 
44.鬼子来了,姜文 Wen Jiang,姜文,2000,中国大陆,剧情 喜剧,9.3,639733,对敌人的仁慈，就是对自己残忍。
45.少年派的奇幻漂流,李安 Ang Lee,苏拉·沙玛,2012,美国 中国台湾 英国 加拿大,剧情 奇幻 冒险,9.1,1371541,瑰丽壮观、无人能及的冒险之旅。
46.海蒂和爷爷,阿兰·葛斯彭纳 Alain Gsponer,阿努克·斯特芬,2015,德国 瑞士,剧情 冒险 家庭,9.3,639324,如果生活中有什么使你感到快乐，那就去做吧！不要管别人说什么。
47.钢琴家,罗曼·波兰斯基 Roman Polanski,艾德里安·布洛迪,2002,英国 法国 波兰 德国,剧情 传记 战争 音乐,9.3,657656,音乐能化解仇恨。
48.大话西游之月光宝盒,刘镇伟 Jeffrey Lau,周星驰,1995,中国香港 中国大陆,喜剧 爱情 奇幻 古装,9.0,1242568,旷古烁今。
49.指环王2：双塔奇兵,彼得·杰克逊 Peter Jackson,伊利亚·伍德,2002,美国 新西兰,剧情 动作 奇幻 冒险,9.2,769363,承前启后的史诗篇章。
50.闻香识女人,马丁·布莱斯 Martin Brest,阿尔·帕西诺,1992,美国,剧情,9.1,907517,史上最美的探戈。
51.死亡诗社,彼得·威尔 Peter Weir,罗宾·威廉姆斯,1989,美国,剧情,9.2,747177,当一个死水般的体制内出现一个活跃的变数时，所有的腐臭都站在了光明的对面。
52.绿皮书,彼得·法雷里 Peter Farrelly,维果·莫腾森,2018,美国 中国大陆,剧情 喜剧 传记 音乐,8.9,1685386,去除成见，需要勇气。
53.罗马假日,威廉·惠勒 William Wyler,奥黛丽·赫本,1953,美国,喜剧 剧情 爱情,9.1,965774,爱情哪怕只有一天。
54.大闹天宫,万籁鸣 Laiming Wan,邱岳峰,1978,中国大陆,剧情 动画 奇幻 古装,9.4,448877,经典之作，历久弥新。
55.天堂电影院,朱塞佩·托纳多雷 Giuseppe Tornatore,菲利普·努瓦雷,1988,意大利 法国,剧情 爱情,9.2,689033,那些吻戏，那些青春，都在影院的黑暗里被泪水冲刷得无比清晰。
56.指环王1：护戒使者,彼得·杰克逊 Peter Jackson,伊利亚·伍德,2001,新西兰 美国,剧情 动作 奇幻 冒险,9.1,864447,传说的开始。
57.黑客帝国,安迪·沃卓斯基 Andy Wachowski / 拉娜·沃卓斯基 Lana Wachowski,黑客帝国,1999,美国,动作 科幻,9.1,853576,视觉革命。
58.教父2,弗朗西斯·福特·科波拉 Francis Ford Coppola,阿尔·帕西诺,1974,美国,剧情 犯罪,9.3,565322,优雅的孤独。
59.狮子王,Roger Allers / 罗伯·明可夫 Rob Minkoff,乔纳森·泰勒·托马...,1994,美国,动画 冒险 歌舞,9.1,861276,动物版《哈姆雷特》。
60.辩护人,杨宇硕 Woo-seok Yang,宋康昊,2013,韩国,剧情,9.2,598704,电影的现实意义大过电影本身。
61.饮食男女,李安 Ang Lee,郎雄,1994,中国台湾 美国,剧情 家庭,9.2,634947,人生不能像做菜，把所有的料都准备好了才下锅。
62.搏击俱乐部,大卫·芬奇 David Fincher,爱德华·诺顿,1999,美国,剧情 动作 悬疑 惊悚,9.0,863337,邪恶与平庸蛰伏于同一个母体，在特定的时间互相对峙。
63.本杰明·巴顿奇事,大卫·芬奇 David Fincher,凯特·布兰切特,2008,美国,剧情 爱情 奇幻,9.0,1002908,在时间之河里感受溺水之苦。
64.美丽心灵,朗·霍华德 Ron Howard,罗素·克劳,2001,美国,传记 剧情,9.1,783198,爱是一切逻辑和原由。
65.穿条纹睡衣的男孩,马克·赫尔曼 Mark Herman,阿萨·巴特菲尔德,2008,英国 美国,剧情 战争,9.2,578600,尽管有些不切实际的幻想，这部电影依旧是一部感人肺腑的佳作。
66.窃听风暴,弗洛里安·亨克尔·冯·多纳斯马尔克 Florian Henckel von Donnersmarck  &n...,窃听风暴,2006,德国,剧情 悬疑,9.2,575187,别样人生。
67.情书,岩井俊二 Shunji Iwai,中山美穗,1995,日本,剧情 爱情,8.9,1139580,暗恋的极致。
68.两杆大烟枪,盖·里奇 Guy Ritchie,杰森·弗莱明,1998,英国,剧情 喜剧 犯罪,9.1,605651,4个臭皮匠顶个诸葛亮，盖·里奇果然不是盖的。
69.西西里的美丽传说,朱塞佩·托纳多雷 Giuseppe Tornatore,莫妮卡·贝鲁奇,2000,意大利 美国,剧情 战争 情色,8.9,993764,美丽无罪。
70.看不见的客人,奥里奥尔·保罗 Oriol Paulo,马里奥·卡萨斯,2016,西班牙,剧情 犯罪 悬疑 惊悚,8.8,1296948,你以为你以为的就是你以为的。
71.音乐之声,罗伯特·怀斯 Robert Wise,朱莉·安德鲁斯,1965,美国,剧情 传记 爱情 歌舞,9.1,614843,用音乐化解仇恨，让歌声串起美好。
72.阿凡达,詹姆斯·卡梅隆 James Cameron,萨姆·沃辛顿,2009,美国,动作 科幻 冒险,8.8,1446042,绝对意义上的美轮美奂。
73.哈利·波特与死亡圣器(下),大卫·叶茨 David Yates,丹尼尔·雷德克里夫,2011,美国 英国,奇幻 冒险,9.0,851200,10年的完美句点。
74.拯救大兵瑞恩,史蒂文·斯皮尔伯格 Steven Spielberg,汤姆·汉克斯,1998,美国,剧情 战争,9.1,659289,美利坚精神输出大片No1.
75.飞越疯人院,米洛斯·福尔曼 Miloš Forman,杰克·尼科尔森,1975,美国,剧情,9.1,556062,自由万岁。
76.小鞋子,马基德·马基迪 Majid Majidi,默罕默德·阿米尔·纳吉,1997,伊朗,剧情 儿童 家庭,9.2,419199,奔跑的孩子是天使。
77.沉默的羔羊,乔纳森·戴米 Jonathan Demme,朱迪·福斯特,1991,美国,剧情 犯罪 惊悚,8.9,909068,安东尼·霍普金斯的顶级表演。
78.布达佩斯大饭店,韦斯·安德森 Wes Anderson,拉尔夫·费因斯,2014,美国 德国 英国,剧情 喜剧 冒险,8.9,960957,小清新的故事里注入了大历史的情怀。
79.功夫,周星驰 Stephen Chow,周星驰,2004,中国大陆 中国香港,动作 喜剧 犯罪 奇幻,8.8,1163396,警恶惩奸，维护世界和平这个任务就交给你了，好吗？
80.禁闭岛,Martin Scorsese,莱昂纳多·迪卡普里奥,2010,美国,剧情 悬疑 惊悚,8.9,998989,昔日翩翩少年，今日大腹便便。
81.蝴蝶效应,埃里克·布雷斯 Eric Bress / J·麦基·格鲁伯 J. Mackye Gruber,蝴蝶效应,2004,美国 加拿大,剧情 悬疑 科幻 惊悚,8.9,957447,人的命运被自己瞬间的抉择改变。
82.致命魔术,克里斯托弗·诺兰 Christopher Nolan,休·杰克曼,2006,英国 美国,剧情 悬疑 惊悚,8.9,877936,孪生蝙蝠侠大战克隆金刚狼。
83.哈利·波特与阿兹卡班的囚徒,Alfonso Cuarón,丹尼尔·雷德克里夫,2004,英国 美国,奇幻 冒险,8.9,752065,不一样的导演，不一样的哈利·波特。
84.心灵捕手,格斯·范·桑特 Gus Van Sant,马特·达蒙,1997,美国,剧情,8.9,729987,人生中应该拥有这样的一段豁然开朗。
85.超脱,托尼·凯耶 Tony Kaye,艾德里安·布洛迪,2011,美国,剧情,9.0,620302,穷尽一生，我们要学会的，不过是彼此拥抱。
86.低俗小说,昆汀·塔伦蒂诺 Quentin Tarantino,约翰·特拉沃尔塔,1994,美国,剧情 喜剧 犯罪,8.9,852096,故事的高级讲法。
87.海豚湾,路易·西霍尤斯 Louie Psihoyos,路易·西霍尤斯,2009,美国,纪录片,9.3,361568,海豚的微笑，是世界上最高明的伪装。
88.摩登时代,查理·卓别林 Charles Chaplin,查理·卓别林,1936,美国,剧情 喜剧 爱情,9.3,308395,大时代中的人生，小人物的悲喜。
89.春光乍泄,王家卫 Kar Wai Wong,张国荣,1997,中国香港 日本 韩国,剧情 爱情 同性,9.0,644293,爱情纠缠，男女一致。
90.美国往事,赛尔乔·莱翁内 Sergio Leone,罗伯特·德尼罗,1984,美国 意大利,犯罪 剧情,9.2,420282,往事如烟，无处祭奠。
91.喜剧之王,周星驰 Stephen Chow / 李力持 Lik-Chi Lee,周星驰,1999,中国香港,喜剧 剧情 爱情,8.8,988610,我是一个演员。
92.致命ID,詹姆斯·曼高德 James Mangold,约翰·库萨克,2003,美国,剧情 悬疑 惊悚,8.9,844147,最不可能的那个人永远是最可能的。
93.杀人回忆,奉俊昊 Joon-ho Bong,宋康昊,2003,韩国,剧情 动作 犯罪 悬疑 惊悚,8.9,732982,关于连环杀人悬案的集体回忆。
94.七宗罪,大卫·芬奇 David Fincher,摩根·弗里曼,1995,美国,剧情 犯罪 悬疑 惊悚,8.8,959233,警察抓小偷，老鼠玩死猫。
95.红辣椒,今敏 Satoshi Kon,林原惠美,2006,日本,动画 悬疑 科幻 惊悚,9.1,479620,梦的勾结。
96.加勒比海盗,戈尔·维宾斯基 Gore Verbinski,约翰尼·德普,2003,美国,动作 冒险 奇幻,8.8,876320,约翰尼·德普的独角戏。
97.哈利·波特与密室,Chris Columbus,丹尼尔·雷德克里夫,2002,英国 美国,奇幻 冒险,8.9,779195,魔法的密室之门已打开...
98.一一,杨德昌 Edward Yang,吴念真,2000,中国台湾 日本,剧情 爱情 家庭,9.1,406804,我们都曾经是一一。
99.狩猎,托马斯·温特伯格 Thomas Vinterberg,麦斯·米科尔森,2012,丹麦 瑞典,剧情,9.1,401923,人言可畏。
100.唐伯虎点秋香,李力持 Lik-Chi Lee,周星驰,1993,中国香港,喜剧 爱情 古装,8.7,1101964,华太师是黄霑，吴镇宇四大才子之一。
101.7号房的礼物,李焕庆 Hwan-kyeong Lee,柳承龙,2013,韩国,剧情 喜剧 家庭,8.9,567973,《我是山姆》的《美丽人生》。
102.被嫌弃的松子的一生,中岛哲也 Tetsuya Nakashima,中谷美纪,2006,日本,剧情 歌舞,8.9,714553,以戏谑来戏谑戏谑。
103.蝙蝠侠：黑暗骑士崛起,克里斯托弗·诺兰 Christopher Nolan,克里斯蒂安·贝尔,2012,美国 英国,剧情 动作 科幻 犯罪 惊悚,8.9,737458,诺兰就是保证。
104.请以你的名字呼唤我,卢卡·瓜达尼诺 Luca Guadagnino,艾米·汉莫,2017,意大利 法国 巴西 美国,剧情 爱情 同性,8.8,737221,沉醉在电影的情感和视听氛围中无法自拔。
105.爱在黎明破晓前,理查德·林克莱特 Richard Linklater,伊桑·霍克,1995,美国 奥地利 瑞士,剧情 爱情,8.8,700215,缘分是个连绵词，最美不过一瞬。
106.剪刀手爱德华,蒂姆·波顿 Tim Burton,约翰尼·德普,1990,美国,剧情 奇幻 爱情,8.7,1049479,浪漫忧郁的成人童话。
107.断背山,李安 Ang Lee,希斯·莱杰,2005,美国 加拿大,剧情 爱情 同性 家庭,8.8,717668,每个人心中都有一座断背山。
108.入殓师,泷田洋二郎 Yôjirô Takita,本木雅弘,2008,日本,剧情,8.9,680099,死可能是一道门，逝去并不是终结，而是超越，走向下一程。
109.第六感,M·奈特·沙马兰 M. Night Shyamalan,布鲁斯·威利斯,1999,美国,剧情 悬疑 惊悚,8.9,567658,深入内心的恐怖，出人意料的结局。
110.重庆森林,王家卫 Kar Wai Wong,林青霞,1994,中国香港,剧情 爱情,8.8,827706,寂寞没有期限。
111.勇敢的心,梅尔·吉布森 Mel Gibson,梅尔·吉布森,1995,美国,动作 传记 剧情 历史 战争,8.9,565643,史诗大片的典范。
112.超能陆战队,唐·霍尔 Don Hall / 克里斯·威廉姆斯 Chris Williams,斯科特...,2014,美国,喜剧 动作 科幻 动画 冒险,8.7,1035440,Balalala~~~
113.甜蜜蜜,陈可辛 Peter Chan,黎明,1996,中国香港,剧情 爱情,8.9,571116,相逢只要一瞬间，等待却像是一辈子。
114.幽灵公主,宫崎骏 Hayao Miyazaki,松田洋治,1997,日本,动画 奇幻 冒险,8.9,534215,人与自然的战争史诗。
115.爱在日落黄昏时,理查德·林克莱特 Richard Linklater,伊桑·霍克,2004,美国 法国,剧情 爱情,8.9,575388,九年后的重逢是世俗和责任的交叠，没了悸动和青涩，沧桑而温暖。
116.菊次郎的夏天,北野武 Takeshi Kitano,北野武,1999,日本,剧情 喜剧,8.9,607593,从没见过那么流氓的温柔，从没见过那么温柔的流氓。
117.借东西的小人阿莉埃蒂,米林宏昌 Hiromasa Yonebayashi,志田未来,2010,日本,动画 奇幻 冒险,8.9,565214,曾经的那段美好会沉淀为一辈子的记忆。
118.寄生虫,奉俊昊 Joon-ho Bong,宋康昊,2019,韩国,剧情,8.8,1396324,无
119.消失的爱人,大卫·芬奇 David Fincher,本·阿弗莱克,2014,美国,剧情 犯罪 悬疑 惊悚,8.7,974954,年度最佳date movie。
120.阳光灿烂的日子,姜文 Wen Jiang,夏雨,1994,中国大陆 中国香港,剧情 爱情,8.8,625516,一场华丽的意淫。
121.天使爱美丽,让-皮埃尔·热内 Jean-Pierre Jeunet,奥黛丽·塔图,2001,法国 德国,剧情 喜剧 爱情,8.7,964501,法式小清新。 
122.完美的世界,克林特·伊斯特伍德 Clint Eastwood,凯文·科斯特纳,1993,美国,剧情 犯罪,9.1,321953,坏人的好总是比好人的好来得更感人。
123.小森林 夏秋篇,森淳一 Junichi Mori,桥本爱,2014,日本,剧情,9.0,433026,那些静得只能听见呼吸的日子里，你明白孤独即生活。
124.倩女幽魂,程小东 Siu-Tung Ching,张国荣,1987,中国香港,爱情 奇幻 武侠 古装,8.8,751124,两张绝世的脸。 
125.无人知晓,是枝裕和 Hirokazu Koreeda,柳乐优弥,2004,日本,剧情,9.1,326048,我的平常生活就是他人的幸福。
126.时空恋旅人,理查德·柯蒂斯 Richard Curtis,多姆纳尔·格里森,2013,英国,喜剧 爱情 奇幻,8.8,691477,把每天当作最后一天般珍惜度过，积极拥抱生活，就是幸福。
127.侧耳倾听,近藤喜文 Yoshifumi Kondo,本名阳子,1995,日本,剧情 爱情 动画,8.9,472125,少女情怀总是诗。
128.未麻的部屋,今敏 Satoshi Kon,岩男润子,1997,日本,动画 奇幻 惊悚,9.1,347518,好的剧本是，就算你猜到了结局也猜不到全部。
129.哈利·波特与火焰杯,迈克·内威尔 Mike Newell,丹尼尔·雷德克里夫,2005,英国 美国,悬疑 奇幻 冒险,8.8,680029,无
130.驯龙高手,迪恩·德布洛斯 Dean DeBlois / 克里斯·桑德斯 Chris Sanders,...,2010,美国,动画 奇幻 冒险,8.8,770591,和谐的生活离不开摸头与被摸头。
131.幸福终点站,史蒂文·斯皮尔伯格 Steven Spielberg,汤姆·汉克斯,2004,美国,喜剧 剧情 爱情,8.8,582807,有时候幸福需要等一等。 
132.小森林 冬春篇,森淳一 Junichi Mori,桥本爱,2015,日本,剧情,9.0,385602,尊敬他人，尊敬你生活的这片土地，明白孤独是人生的常态。
133.一个叫欧维的男人决定去死,汉内斯·赫尔姆 Hannes Holm,罗夫·拉斯加德,2015,瑞典,剧情,8.9,496180,惠及一生的美丽。
134.教父3,弗朗西斯·福特·科波拉 Francis Ford Coppola,阿尔·帕西诺,1990,美国,剧情 犯罪,9.0,382976,任何信念的力量，都无法改变命运。
135.怪兽电力公司,彼特·道格特 Pete Docter / 大卫·斯沃曼 David Silverman,约...,2001,美国,儿童 喜剧 动画 奇幻 冒险,8.8,688507,不要给它起名字，起了名字就有感情了。
136.玩具总动员3,李·昂克里奇 Lee Unkrich,汤姆·汉克斯,2010,美国,喜剧 动画 奇幻 冒险,8.9,529703,跨度十五年的欢乐与泪水。
137.傲慢与偏见,乔·怀特 Joe Wright,凯拉·奈特莉,2005,法国 英国 美国,剧情 爱情,8.7,819154,爱是摈弃傲慢与偏见之后的曙光。
138.新世界,朴勋政 Hoon-jung Park,李政宰,2013,韩国,剧情 犯罪,8.9,450680,要做就做得狠一点，这样才能活下去。
139.萤火之森,大森贵弘 Takahiro Omori,佐仓绫音,2011,日本,剧情 爱情 动画 奇幻,8.9,550929,触不到的恋人。
140.釜山行,延尚昊 Sang-ho Yeon,孔侑,2016,韩国,动作 惊悚 灾难,8.6,1222032,揭露人性的丧尸题材力作。
141.被解救的姜戈,昆汀·塔伦蒂诺 Quentin Tarantino,杰米·福克斯,2012,美国,剧情 动作 西部 冒险,8.8,621227,热血沸腾，那个低俗、性感的无耻混蛋又来了。
142.神偷奶爸,皮艾尔·柯芬 Pierre Coffin / 克里斯·雷纳德 Chris Renaud,...,2010,美国 法国,喜剧 动画 冒险,8.7,962914,Mr. I Don't Care其实也有Care的时候。
143.茶馆,谢添 Tian Xie,于是之,1982,中国大陆,剧情 历史,9.6,155556,无
144.告白,中岛哲也 Tetsuya Nakashima,松隆子,2010,日本,剧情 悬疑,8.8,682009,没有一人完全善，也没有一人完全恶。
145.玛丽和马克思,亚当·艾略特 Adam Elliot,托妮·科莱特,2009,澳大利亚 美国,剧情 喜剧 动画,9.0,426526,你是我最好的朋友，你是我唯一的朋友 。
146.哪吒闹海,王树忱 Shuchen Wang / 严定宪 Dingxian Yan,梁正晖,1979,中国大陆,冒险 动画 奇幻,9.2,265559,想你时你在闹海。
147.大鱼,蒂姆·波顿 Tim Burton,伊万·麦克格雷格,2003,美国,剧情 家庭 奇幻 冒险,8.8,577648,抱着梦想而活着的人是幸福的，怀抱梦想而死去的人是不朽的。
148.色，戒,李安 Ang Lee,梁朝伟,2007,中国台湾 中国大陆 美国 中国香港,剧情 爱情 情色,8.7,832766,假戏真情，爱欲深海
149.九品芝麻官,王晶 Jing Wong,周星驰,1994,中国香港 中国大陆,剧情 喜剧 古装,8.7,697544,无
150.喜宴,李安 Ang Lee,赵文瑄,1993,中国台湾 美国,剧情 喜剧 爱情 同性 家庭,9.0,372501,中国家庭的喜怒哀乐忍。
151.模仿游戏,莫滕·泰杜姆 Morten Tyldum,本尼迪克特·康伯巴奇,2014,英国 美国,剧情 传记 战争 同性,8.8,659742,他给机器起名“克里斯托弗”，因为这是他初恋的名字。
152.头号玩家,史蒂文·斯皮尔伯格 Steven Spielberg,泰伊·谢里丹,2018,美国,动作 科幻 冒险,8.7,1390854,写给影迷，动漫迷和游戏迷的一封情书。
153.射雕英雄传之东成西就,刘镇伟 Jeffrey Lau,梁朝伟,1993,中国香港,喜剧 奇幻 武侠 古装,8.7,649513,百看不厌。 
154.花样年华,王家卫 Kar Wai Wong,梁朝伟,2000,中国香港,剧情 爱情,8.8,622733,偷情本没有这样美。
155.我是山姆,杰茜·尼尔森 Jessie Nelson,Sean,2001,美国,剧情 家庭,9.0,344530,爱并不需要智商 。
156.头脑特工队,彼特·道格特 Pete Docter / 罗纳尔多·德尔·卡门 Ronaldo Del Carmen  &nb...,头脑特工队,2015,美国,喜剧 动画 冒险,8.8,630161,愿我们都不用长大，每一座城堡都能永远存在。
157.阳光姐妹淘,姜炯哲 Hyeong-Cheol Kang,沈恩京,2011,韩国,剧情 喜剧,8.8,597397,再多各自牛逼的时光，也比不上一起傻逼的岁月。 
158.七武士,黑泽明 Akira Kurosawa,三船敏郎,1954,日本,动作 冒险 剧情,9.3,202778,时代悲歌。
159.血战钢锯岭,梅尔·吉布森 Mel Gibson,安德鲁·加菲尔德,2016,澳大利亚 美国,剧情 传记 历史 战争,8.7,794539,优秀的战争片不会美化战场，不会粉饰死亡，不会矮化敌人，不会无视常识，最重要的，不会宣扬战争。
160.恐怖直播,金秉祐 Byeong-woo Kim,河正宇,2013,韩国,剧情 犯罪 悬疑,8.7,663999,恐怖分子的“秋菊打官司”。
161.惊魂记,阿尔弗雷德·希区柯克 Alfred Hitchcock,安东尼·博金斯,1960,美国,悬疑 惊悚 恐怖,9.0,304151,故事的反转与反转，分裂电影的始祖。
162.黑客帝国3：矩阵革命,拉娜·沃卓斯基 Lana Wachowski / 莉莉·沃卓斯基 Lilly Wachowski   ...,黑客帝国3：矩阵革命,2003,美国,动作 科幻,8.8,454658,不得不说，《黑客帝国》系列是商业片与科幻、哲学完美结合的典范。
163.你的名字。,新海诚 Makoto Shinkai,神木隆之介,2016,日本,剧情 爱情 动画,8.5,1434303,穿越错位的时空，仰望陨落的星辰，你没留下你的名字，我却无法忘记那句“我爱你”。
164.电锯惊魂,詹姆斯·温 James Wan,雷·沃纳尔,2004,美国,悬疑 惊悚 恐怖,8.7,546771,真相就在眼前。
165.三块广告牌,马丁·麦克唐纳 Martin McDonagh,弗兰西斯·麦克多蒙德,2017,英国 美国,剧情 犯罪,8.7,834660,怼天怼地，你走后，她与世界为敌。
166.达拉斯买家俱乐部,让-马克·瓦雷 Jean-Marc Vallée,马修·麦康纳,2013,美国,剧情 传记 同性,8.8,460738,Jared Leto的腿比女人还美！
167.心迷宫,忻钰坤 Yukun Xin,霍卫民,2014,中国大陆,剧情 犯罪 悬疑,8.7,535271,荒诞讽刺，千奇百巧，抽丝剥茧，百转千回。
168.疯狂原始人,科克·德·米科 Kirk De Micco / 克里斯·桑德斯 Chris Sanders,疯狂原始人,2013,美国,喜剧 动画 冒险,8.7,852288,老少皆宜，这就是好莱坞动画的魅力。
169.谍影重重3,保罗·格林格拉斯 Paul Greengrass,马特·达蒙,2007,美国 德国 法国 英国,动作 悬疑 惊悚,8.8,426500,像吃了苏打饼一样干脆的电影。
170.英雄本色,吴宇森 John Woo,周润发,1986,中国香港,剧情 动作 犯罪,8.6,551814,英雄泪短，兄弟情长。 
171.上帝之城,费尔南多·梅里尔斯 Fernando Meirelles / 卡迪亚·兰德 Kátia Lund  &nbsp...,上帝之城,2002,巴西 法国,犯罪 剧情,9.0,305874,被上帝抛弃了的上帝之城。
172.风之谷,宫崎骏 Hayao Miyazaki,岛本须美,1984,日本,动画 奇幻 冒险,8.9,360146,动画片的圣经。
173.纵横四海,吴宇森 John Woo,周润发,1991,中国香港,剧情 喜剧 动作 犯罪,8.8,434010,香港浪漫主义警匪动作片的巅峰之作。
174.卢旺达饭店,特瑞·乔治 Terry George,唐·钱德尔,2004,英国 南非 意大利 美国,剧情 传记 历史 战争,8.9,336107,当这个世界闭上双眼，他却敞开了怀抱。
175.爱在午夜降临前,理查德·林克莱特 Richard Linklater,伊桑·霍克,2013,美国 希腊,剧情 爱情,8.9,413081,所谓爱情，就是话唠一路，都不会心生腻烦，彼此嫌弃。
176.海街日记,是枝裕和 Hirokazu Koreeda,绫濑遥,2015,日本,剧情 家庭,8.8,458456,是枝裕和的家庭习作。
177.绿里奇迹,弗兰克·德拉邦特 Frank Darabont,汤姆·汉克斯,1999,美国,犯罪 剧情 奇幻 悬疑,8.9,339262,天使暂时离开。
178.小丑,托德·菲利普斯 Todd Phillips,杰昆·菲尼克斯,2019,美国 加拿大,剧情 犯罪 惊悚,8.7,1025703,无
179.记忆碎片,克里斯托弗·诺兰 Christopher Nolan,盖·皮尔斯,2000,美国,犯罪 剧情 悬疑 惊悚,8.7,614820,一个针管引发的血案。
180.背靠背，脸对脸,黄建新 Jianxin Huang / 杨亚洲 Yazhou Yang,牛振华,1994,中国大陆 中国香港,剧情,9.5,140043,无
181.疯狂的石头,宁浩 Hao Ning,郭涛,2006,中国大陆 中国香港,喜剧 犯罪,8.6,838656,中国版《两杆大烟枪》。
182.心灵奇旅,彼特·道格特 Pete Docter / 凯普·鲍尔斯 Kemp Powers,杰米·...,2020,美国,动画 奇幻 音乐,8.7,1005625,无
183.雨中曲,斯坦利·多南 Stanley Donen / 吉恩·凯利 Gene Kelly,吉恩·...,1952,美国,喜剧 歌舞 爱情,9.1,232002,骨灰级歌舞片。
184.2001太空漫游,斯坦利·库布里克 Stanley Kubrick,凯尔·杜拉,1968,英国 美国,科幻 惊悚 冒险,8.9,339656,现代科幻电影的开山之作，最伟大导演的最伟大影片。
185.岁月神偷,罗启锐 Alex Law,吴君如,2010,中国香港 中国大陆,剧情 家庭,8.7,580633,岁月流逝，来日可追。
186.忠犬八公物语,神山征二郎 Seijirô Kôyama,仲代达矢,1987,日本,剧情,9.2,199526,养狗三日，便会对你终其一生。
187.无间道2,刘伟强 / 麦兆辉,陈冠希,2003,中国香港,剧情 犯罪 惊悚,8.7,491004,无
188.荒蛮故事,达米安·斯兹弗隆 Damián Szifron,达里奥·葛兰帝内提,2014,阿根廷 西班牙,剧情 喜剧 犯罪,8.8,451581,始于荒诞，止于更荒诞。
189.小偷家族,是枝裕和 Hirokazu Koreeda,中川雅也,2018,日本,剧情 犯罪 家庭,8.7,824115,我们组成了家。
190.无敌破坏王,瑞奇·莫尔 Rich Moore,约翰·C·赖利,2012,美国,喜剧 动画 奇幻 冒险,8.7,551405,迪士尼和皮克斯拿错剧本的产物。
191.爆裂鼓手,达米恩·查泽雷 Damien Chazelle,迈尔斯·特勒,2014,美国,剧情 音乐,8.7,600296,这个世界从不善待努力的人，努力了也不一定会成功，但是知道自己在努力，就是活下去的动力。
192.冰川时代,卡洛斯·沙尔丹哈 Carlos Saldanha / 克里斯·韦奇 Chris Wedge,冰川时代,2002,美国,喜剧 动画 冒险,8.6,627031,松鼠才是角儿。
193.恐怖游轮,克里斯托弗·史密斯 Christopher Smith,梅利莎·乔治,2009,英国 澳大利亚,剧情 悬疑 惊悚,8.5,883470,不要企图在重复中寻找已经失去的爱。
194.贫民窟的百万富翁,丹尼·鲍尔 Danny Boyle / 洛芙琳·坦丹 Loveleen Tandan,戴夫...,2008,英国,剧情 爱情,8.6,755817,上帝之城+猜火车+阿甘正传+开心辞典=山寨富翁
195.牯岭街少年杀人事件,杨德昌 Edward Yang,张震,1991,中国台湾,剧情 犯罪,8.9,309349,弱者送给弱者的一刀。
196.东邪西毒,王家卫 Kar Wai Wong,张国荣,1994,中国香港 中国台湾,剧情 动作 爱情 武侠 古装,8.6,585577,电影诗。
197.魔女宅急便,宫崎骏 Hayao Miyazaki,高山南,1989,日本,动画 奇幻 冒险,8.7,468991,宫崎骏的电影总让人感觉世界是美好的，阳光明媚的。
198.东京教父,今敏 Satoshi Kon,江守彻,2003,日本,剧情 喜剧 动画,9.0,238399,无
199.遗愿清单,罗伯·莱纳 Rob Reiner,杰克·尼科尔森,2007,美国,冒险 喜剧 剧情,8.7,473419,用剩余不多的时间，去燃烧整个生命。
200.大佛普拉斯,黄信尧 Hsin-yao Huang,庄益增,2017,中国台湾,剧情 喜剧,8.7,472033,人们可以登上月球，却永远无法探索人们内心的宇宙。
201.你看起来好像很好吃,藤森雅也 Masaya Fujimori,山口胜平,2010,日本,剧情 动画 儿童,8.9,339548,感情不分食草或者食肉。
202.可可西里,陆川 Chuan Lu,多布杰,2004,中国大陆 中国香港,剧情 犯罪,8.9,309468,坚硬的信仰。
203.真爱至上,理查德·柯蒂斯 Richard Curtis,休·格兰特,2003,英国 美国 法国,喜剧 剧情 爱情,8.6,742026,爱，是个动词。
204.黑天鹅,达伦·阿罗诺夫斯基 Darren Aronofsky,娜塔莉·波特曼,2010,美国,剧情 惊悚,8.6,790173,黑暗之美。
205.城市之光,Charles Chaplin,查理·卓别林,1931,美国,喜剧 剧情 爱情,9.3,150679,永远的小人物，伟大的卓别林。
206.源代码,邓肯·琼斯 Duncan Jones,杰克·吉伦哈尔,2011,美国 加拿大,科幻 悬疑 惊悚,8.5,848512,邓肯·琼斯继《月球》之后再度奉献出一部精彩绝伦的科幻佳作。
207.海边的曼彻斯特,肯尼斯·罗纳根 Kenneth Lonergan,卡西·阿弗莱克,2016,美国,剧情 家庭,8.6,558222,我们都有权利不与自己的过去和解。
208.雨人,巴瑞·莱文森 Barry Levinson,达斯汀·霍夫曼,1988,美国,剧情,8.7,410311,生活在自己的世界里，也可以让周围的人显得可笑和渺小。
209.波西米亚狂想曲,布莱恩·辛格 Bryan Singer,拉米·马雷克,2018,英国 美国,剧情 传记 同性 音乐,8.6,617761,无
210.初恋这件小事,普特鹏·普罗萨卡·那·萨克那卡林 Puttipong Promsaka Na Sakolnakorn / 华森·波克彭...,初恋这件小事,2010,泰国,剧情 喜剧 爱情,8.5,991060,黑小鸭速效美白记。
211.恋恋笔记本,尼克·卡索维茨 Nick Cassavetes,瑞恩·高斯林,2004,美国,剧情 爱情,8.5,683249,爱情没有那么多借口，如果不能圆满，只能说明爱的不够。 
212.青蛇,徐克 Hark Tsui,张曼玉,1993,中国香港 中国大陆,剧情 爱情 奇幻 古装,8.6,537021,人生如此，浮生如斯。谁人言，花彼岸，此生情长意短。谁都是不懂爱的罢了。
213.人工智能,史蒂文·斯皮尔伯格 Steven Spielberg,海利·乔·奥斯蒙,2001,美国 英国,剧情 科幻,8.7,455107,对爱的执着，可以超越一切。
214.末路狂花,雷德利·斯科特 Ridley Scott,吉娜·戴维斯,1991,美国 英国 法国,犯罪 剧情 惊悚,8.9,267647,没有了退路，只好飞向自由。
215.虎口脱险,杰拉尔·乌里 Gérard Oury,路易·德·菲耐斯,1966,法国 英国,喜剧 战争,8.9,262904,永远看不腻的喜剧。
216.终结者2：审判日,詹姆斯·卡梅隆 James Cameron,阿诺·施瓦辛格,1991,美国 法国,动作 科幻,8.8,347765,少见的超越首部的续集，动作片中的经典。
217.疯狂的麦克斯4：狂暴之路,乔治·米勒 George Miller,汤姆·哈迪,2015,澳大利亚 美国,动作 科幻 冒险,8.7,540789,“多么美好的一天！”轰轰轰砰咚，啪哒哒哒轰隆隆，磅~
218.罗生门,黑泽明 Akira Kurosawa,三船敏郎,1950,日本,剧情 犯罪 悬疑,8.8,321334,人生的N种可能性。
219.新龙门客栈,李惠民 Raymond Lee,张曼玉,1992,中国香港 中国大陆,动作 爱情 武侠 古装,8.7,453608,嬉笑怒骂，调风动月。
220.无耻混蛋,昆汀·塔伦蒂诺 Quentin Tarantino,布拉德·皮特,2009,德国 美国,剧情 犯罪,8.7,489275,昆汀同学越来越变态了，比北野武还杜琪峰。
221.千钧一发,安德鲁·尼科尔 Andrew Niccol,伊桑·霍克,1997,美国,剧情 科幻 惊悚,8.8,306883,一部能引人思考的科幻励志片。
222.崖上的波妞,宫崎骏 Hayao Miyazaki,奈良柚莉爱,2008,日本,动画 奇幻 冒险,8.6,509394,无
223.芙蓉镇,谢晋 Jin Xie,刘晓庆,1987,中国大陆,剧情 爱情,9.3,146714,无
224.萤火虫之墓,高畑勋 Isao Takahata,辰己努,1988,日本,动画 剧情 战争,8.7,409756,幸福是生生不息，却难以触及的远。 
225.花束般的恋爱,土井裕泰 Nobuhiro Doi,菅田将晖,2021,日本,剧情 爱情,8.6,651071,无
226.彗星来的那一夜,詹姆斯·沃德·布柯特 James Ward Byrkit,艾米丽·芭尔多尼,2013,美国 英国,科幻 悬疑 惊悚,8.6,595524,小成本大魅力。
227.爱乐之城,达米恩·查泽雷 Damien Chazelle,瑞恩·高斯林,2016,美国,剧情 爱情 歌舞,8.4,920218,无
228.奇迹男孩,斯蒂芬·卓博斯基 Stephen Chbosky,雅各布·特伦布莱,2017,美国 中国香港,剧情 儿童 家庭,8.6,559277,世界不完美，爱会有奇迹。
229.黑客帝国2：重装上阵,拉娜·沃卓斯基 Lana Wachowski / 莉莉·沃卓斯基 Lilly Wachowski   ...,黑客帝国2：重装上阵,2003,美国,动作 科幻,8.7,413498,一个精彩的世界观正在缓缓建立。
230.二十二,郭柯 Ke Guo,2015,2015,中国大陆,纪录片,8.7,295565,有一些东西不应该被遗忘。
231.哈利·波特与死亡圣器(上),大卫·叶茨 David Yates,丹尼尔·雷德克里夫,2010,英国 美国,奇幻 冒险,8.5,592121,最忠于原著的一部。
232.血钻,爱德华·兹威克 Edward Zwick,莱昂纳多·迪卡普里奥,2006,美国 德国 英国,剧情 惊悚 冒险,8.7,386981,每个美丽事物背后都是滴血的现实。
233.战争之王,安德鲁·尼科尔 Andrew Niccol,尼古拉斯·凯奇,2005,美国 德国,剧情 犯罪,8.7,375949,做一颗让别人需要你的棋子。
234.火星救援,雷德利·斯科特 Ridley Scott,马特·达蒙,2015,英国 美国 匈牙利 约旦,剧情 科幻 冒险,8.5,744919,无
235.步履不停,是枝裕和 Hirokazu Koreeda,阿部宽,2008,日本,剧情 家庭,8.8,285138,日本的家庭电影已经是世界巅峰了，步履不停是巅峰中的佳作。
236.房间,伦尼·阿伯拉罕森 Lenny Abrahamson,布丽·拉尔森,2015,爱尔兰 加拿大 英国 美国,剧情 家庭,8.8,372785,被偷走的岁月，被伤害的生命，被禁锢的灵魂，终将被希望和善意救赎。
237.魂断蓝桥,茂文·勒鲁瓦 Mervyn LeRoy,费雯·丽,1940,美国,剧情 爱情 战争,8.8,283748,中国式内在的美国电影。
238.千年女优,今敏 Satoshi Kon,庄司美代子,2001,日本,动画 剧情 爱情,8.8,275562,爱情是一场没有尽头的虚幻追逐。
239.谍影重重2,保罗·格林格拉斯 Paul Greengrass,马特·达蒙,2004,美国 德国,动作 悬疑 惊悚,8.7,359968,谁说王家卫镜头很晃？
240.白日梦想家,本·斯蒂勒 Ben Stiller,本·斯蒂勒,2013,美国 英国,剧情 喜剧 冒险,8.6,503122,无
241.哈利·波特与凤凰社,大卫·叶茨 David Yates,丹尼尔·雷德克里夫,2007,英国 美国,奇幻 冒险,8.5,586748,无
242.高山下的花环,谢晋 Jin Xie,吕晓禾,1985,中国大陆,剧情 战争,9.5,94187,无
243.弱点,约翰·李·汉考克 John Lee Hancock,桑德拉·布洛克,2009,美国,剧情 家庭 传记 运动,8.7,316853,拍掉身上的悲伤，从今天开始重新踏上追梦之旅。
244.蜘蛛侠：平行宇宙,鲍勃·佩尔西凯蒂 Bob Persichetti / 彼得·拉姆齐 Peter Ramsey,蜘蛛侠：平行宇宙,2018,美国,动作 科幻 动画 冒险,8.6,680979,无
245.谍影重重,道格·里曼 Doug Liman,马特·达蒙,2002,美国 德国 捷克,动作 悬疑 惊悚,8.6,436475,哗啦啦啦啦，天在下雨，哗啦啦啦啦，云在哭泣……找自己。
246.阿飞正传,王家卫 Kar Wai Wong,张国荣,1990,中国香港,犯罪 剧情 爱情,8.5,519863,王家卫是一种风格，张国荣是一个代表。
247.朗读者,史蒂芬·戴德利 Stephen Daldry,凯特·温丝莱特,2008,美国 德国,剧情 爱情,8.6,459277,当爱情跨越年龄的界限，它似乎能变得更久远一点，成为一种责任，一种水到渠成的相濡以沫。 
248.再次出发之纽约遇见你,约翰·卡尼 John Carney,凯拉·奈特莉,2013,美国,喜剧 爱情 音乐,8.6,434250,爱我就给我看你的播放列表。
249.燃情岁月,爱德华·兹威克 Edward Zwick,布拉德·皮特,1994,美国,剧情 爱情 战争 西部,8.7,291949,传奇，不是每个人都可以拥有。
250.大红灯笼高高挂,张艺谋 Yimou Zhang,巩俐,1991,中国大陆 中国香港 中国台湾,剧情,8.8,283921,无
