全国编号,地区编号,名称,属性,普通特性,隐藏特性,类别,身高,体重,捕获率,种族值
#0079,#001,呆呆兽,超能力,我行我素/迟钝,再生力,憨憨宝可梦,1.2m,36.0kg,190,"['90', '65', '65', '40', '40', '15', '315']"
#0080,#002,呆壳兽,毒/超能力,我行我素/迟钝,再生力,寄居蟹宝可梦,1.6m,78.5kg,75,"['95', '75', '110', '100', '80', '30', '490']"
#0199,#003,呆呆王,毒/超能力,我行我素/迟钝,再生力,王者宝可梦,2.0m,79.5kg,70,"['95', '75', '80', '100', '110', '30', '490']"
#0427,#004,卷卷耳,一般,逃跑/笨拙,柔软,兔子宝可梦,0.4m,5.5kg,190,"['55', '66', '44', '44', '56', '85', '350']"
#0428,#005,长耳兔,一般,笨拙/迷人之躯,柔软,兔子宝可梦,1.2m,33.3kg,60,"['65', '76', '84', '54', '96', '105', '480']"
#0440,#006,小福蛋,一般,自然回复/天恩,友情防守,家家酒宝可梦,0.6m,24.4kg,130,"['100', '5', '5', '15', '65', '30', '220']"
#0113,#007,吉利蛋,一般,自然回复/天恩,治愈之心,蛋宝可梦,1.1m,34.6kg,30,"['250', '5', '5', '35', '105', '50', '450']"
#0242,#008,幸福蛋,一般,自然回复/天恩,治愈之心,幸福宝可梦,1.5m,46.8kg,30,"['255', '10', '10', '75', '135', '55', '540']"
#0819,#009,贪心栗鼠,一般,颊囊,贪吃鬼,贪吃宝可梦,0.3m,2.5kg,255,"['70', '55', '55', '35', '35', '25', '275']"
#0820,#010,藏饱栗鼠,一般,颊囊,贪吃鬼,贪欲宝可梦,0.6m,6.0kg,90,"['120', '95', '95', '55', '75', '20', '460']"
#0174,#011,宝宝丁,一般/妖精,好胜/迷人之躯,友情防守,气球宝可梦,0.3m,1.0kg,170,"['90', '30', '15', '40', '20', '15', '210']"
#0039,#012,胖丁,一般/妖精,好胜/迷人之躯,友情防守,气球宝可梦,0.5m,5.5kg,170,"['115', '45', '20', '45', '25', '20', '270']"
#0040,#013,胖可丁,一般/妖精,好胜/迷人之躯,察觉,气球宝可梦,1.0m,12.0kg,50,"['140', '70', '45', '85', '50', '45', '435']"
#0824,#014,索侦虫,虫,虫之预感/复眼,心灵感应,幼虫宝可梦,0.4m,8.0kg,255,"['25', '20', '20', '25', '45', '45', '180']"
#0825,#015,天罩虫,虫/超能力,虫之预感/复眼,心灵感应,天线罩宝可梦,0.4m,19.5kg,120,"['50', '35', '80', '50', '90', '30', '335']"
#0826,#016,以欧路普,虫/超能力,虫之预感/察觉,心灵感应,七星宝可梦,0.4m,40.8kg,45,"['60', '45', '110', '80', '120', '90', '505']"
#0753,#017,伪螳草,草,叶子防守,唱反调,镰草宝可梦,0.3m,1.5kg,190,"['40', '55', '35', '50', '35', '35', '250']"
#0754,#018,兰螳花,草,叶子防守,唱反调,花镰宝可梦,0.9m,18.5kg,75,"['70', '105', '90', '80', '90', '45', '480']"
#0840,#019,啃果虫,草/龙,熟成/贪吃鬼,防弹,苹果居宝可梦,0.2m,0.5kg,255,"['40', '40', '80', '40', '40', '20', '260']"
#0841,#020,苹裹龙,草/龙,熟成/贪吃鬼,活力,苹果翅宝可梦,0.3m,1.0kg,45,"['70', '110', '80', '95', '60', '70', '485']"
#0842,#021,丰蜜龙,草/龙,熟成/贪吃鬼,厚脂肪,苹果汁宝可梦,0.4m,13.0kg,45,"['110', '85', '80', '100', '80', '30', '485']"
#0661,#022,小箭雀,一般/飞行,健壮胸肌,疾风之翼,知更鸟宝可梦,0.3m,1.7kg,255,"['45', '50', '43', '40', '38', '62', '278']"
#0662,#023,火箭雀,火/飞行,火焰之軀,疾风之翼,火花宝可梦,0.7m,16.0kg,120,"['62', '73', '55', '56', '52', '84', '382']"
#0663,#024,烈箭鹰,火/飞行,火焰之躯,疾风之翼,烈火宝可梦,1.2m,24.5kg,45,"['78', '81', '71', '74', '69', '126', '499']"
#0403,#025,小猫怪,电,威吓/斗争心,毅力,闪光宝可梦,0.5m,9.5kg,235,"['45', '65', '34', '40', '34', '45', '263']"
#0404,#026,勒克猫,电,威吓/斗争心,毅力,电光宝可梦,0.9m,30.5kg,120,"['60', '85', '49', '60', '49', '60', '363']"
#0405,#027,伦琴猫,电,威吓/斗争心,毅力,目光宝可梦,1.4m,42.0kg,45,"['80', '120', '79', '95', '79', '70', '523']"
#0707,#028,钥圈儿,钢/妖精,恶作剧之心,魔术师,钥匙串宝可梦,0.2m,3.0kg,60,"['57', '80', '91', '80', '87', '75', '470']"
#0624,#029,驹刀小兵,恶/钢,不服输/精神力,压迫感,利器宝可梦,0.5m,10.2kg,120,"['45', '85', '70', '40', '40', '60', '340']"
#0625,#030,劈斩司令,恶/钢,不服输/精神力,压迫感,刀刃宝可梦,1.6m,70.0kg,45,"['65', '125', '100', '60', '70', '70', '490']"
#0063,#031,凯西,超能力,同步/精神力,魔法防守,念力宝可梦,0.9m,19.5kg,200,"['25', '20', '15', '105', '55', '90', '310']"
#0064,#032,勇基拉,超能力,同步/精神力,魔法防守,念力宝可梦,1.3m,56.5kg,100,"['40', '35', '30', '120', '70', '105', '400']"
#0065,#033,胡地,超能力,同步/精神力,魔法防守,念力宝可梦,1.5m,48.0kg,50,"['55', '50', '45', '135', '95', '120', '500']"
#0280,#034,拉鲁拉丝,超能力/妖精,复制/同步,心灵感应,心情宝可梦,0.4m,6.6kg,235,"['28', '25', '25', '45', '35', '40', '198']"
#0281,#035,奇鲁莉安,超能力/妖精,复制/同步,心灵感应,感情宝可梦,0.8m,20.2kg,120,"['38', '35', '35', '65', '55', '50', '278']"
#0282,#036,沙奈朵,超能力/妖精,复制/同步,心灵感应,包容宝可梦,1.6m,48.4kg,45,"['68', '65', '65', '125', '115', '80', '518']"
#0475,#037,艾路雷朵,超能力/格斗,锋锐/不屈之心,正义之心,利刃宝可梦,1.6m,52.0kg,45,"['68', '125', '65', '65', '115', '80', '518']"
#0098,#038,大钳蟹,水,硬壳盔甲/怪力钳,强行,清水蟹宝可梦,0.4m,6.5kg,225,"['30', '105', '90', '25', '25', '50', '325']"
#0099,#039,巨钳蟹,水,硬壳盔甲/怪力钳,强行,钳子宝可梦,1.3m,60.0kg,60,"['55', '130', '115', '50', '50', '75', '475']"
#0072,#040,玛瑙水母,水/毒,污泥浆/恒净之躯,雨盘,水母宝可梦,0.9m,45.5kg,190,"['40', '40', '35', '50', '100', '70', '335']"
#0073,#041,毒刺水母,水/毒,污泥浆/恒净之躯,雨盘,水母宝可梦,1.6m,55.0kg,60,"['80', '70', '65', '80', '120', '100', '515']"
#0129,#042,鲤鱼王,水,悠游自如,胆怯,鱼宝可梦,0.9m,10.0kg,255,"['20', '10', '55', '15', '20', '80', '200']"
#0130,#043,暴鲤龙,水/飞行,威吓,自信过度,凶恶宝可梦,6.5m,235.0kg,45,"['95', '125', '79', '60', '100', '81', '540']"
#0223,#044,铁炮鱼,水,活力/狙击手,心情不定,喷射宝可梦,0.6m,12.0kg,190,"['35', '65', '35', '65', '35', '65', '300']"
#0224,#045,章鱼桶,水,吸盘/狙击手,心情不定,喷射宝可梦,0.9m,28.5kg,75,"['75', '105', '75', '105', '75', '45', '480']"
#0458,#046,小球飞鱼,水/飞行,储水/悠游自如,水幕,风筝宝可梦,1.0m,65.0kg,25,"['45', '20', '50', '60', '120', '50', '345']"
#0226,#047,巨翅飞鱼,水/飞行,储水/悠游自如,水幕,风筝宝可梦,2.1m,220.0kg,25,"['85', '40', '70', '80', '140', '70', '485']"
#0278,#048,长翅鸥,水/飞行,锐利目光/湿润之躯,雨盘,海鸥宝可梦,0.6m,9.5kg,190,"['40', '30', '30', '55', '30', '85', '270']"
#0279,#049,大嘴鸥,水/飞行,降雨/锐利目光,雨盘,水鸟宝可梦,1.2m,28.0kg,45,"['60', '50', '100', '95', '70', '65', '440']"
#0451,#050,钳尾蝎,毒/虫,战斗盔甲/狙击手,锐利目光,蝎子宝可梦,0.8m,12.0kg,120,"['40', '50', '90', '30', '55', '65', '330']"
#0452,#051,龙王蝎,毒/恶,战斗盔甲/狙击手,锐利目光,蝎怪宝可梦,1.3m,61.5kg,45,"['70', '90', '110', '60', '75', '95', '500']"
#0206,#052,土龙弟弟,一般,逃跑/天恩,胆怯,地蛇宝可梦,1.5m,14.0kg,190,"['100', '70', '70', '65', '65', '45', '415']"
#0626,#053,爆炸头水牛,一般,食草/舍身,隔音,头锤牛宝可梦,1.6m,94.6kg,45,"['95', '110', '95', '40', '95', '55', '490']"
#0108,#054,大舌头,一般,我行我素/迟钝,无关天气,舔舔宝可梦,1.2m,65.5kg,45,"['90', '55', '75', '60', '75', '30', '385']"
#0463,#055,大舌舔,一般,我行我素/迟钝,无关天气,舔舔宝可梦,1.7m,140.0kg,30,"['110', '85', '95', '80', '95', '50', '515']"
#0833,#056,咬咬龟,水,硬壳盔甲/强壮之颚,悠游自如,咬住宝可梦,0.3m,8.5kg,255,"['50', '64', '50', '38', '38', '44', '284']"
#0834,#057,暴噬龟,水/岩石,硬壳盔甲/强壮之颚,悠游自如,紧咬宝可梦,1.0m,115.5kg,75,"['90', '115', '90', '48', '68', '74', '485']"
#0194,#058,乌波,水/地面,储水/湿气,纯朴,水鱼宝可梦,0.4m,8.5kg,255,"['55', '45', '45', '25', '25', '15', '210']"
#0195,#059,沼王,水/地面,储水/湿气,纯朴,水鱼宝可梦,1.4m,75.0kg,90,"['95', '85', '85', '65', '65', '35', '430']"
#0704,#060,黏黏宝,龙,食草/湿润之躯,黏滑,软体生物宝可梦,0.3m,2.8kg,45,"['45', '50', '35', '55', '75', '40', '300']"
#0705,#061,黏美儿,龙,食草/湿润之躯,黏滑,软体生物宝可梦,0.8m,17.5kg,45,"['68', '75', '53', '83', '113', '60', '452']"
#0706,#062,黏美龙,龙,食草/湿润之躯,黏滑,龙宝可梦,2.0m,150.5kg,45,"['90', '100', '70', '110', '150', '80', '600']"
#0621,#063,赤面龙,龙,粗糙皮肤/强行,破格,洞穴宝可梦,1.6m,139.0kg,45,"['77', '120', '90', '60', '90', '48', '485']"
#0616,#064,小嘴蜗,虫,硬壳盔甲/湿润之躯,防尘,蜗牛宝可梦,0.4m,7.7kg,200,"['50', '40', '85', '40', '65', '25', '305']"
#0617,#065,敏捷虫,虫,黏着/湿润之躯,轻装,脱壳宝可梦,0.8m,25.3kg,75,"['80', '70', '40', '100', '60', '145', '495']"
#0588,#066,盖盖虫,虫,虫之预感/蜕皮,无防守,啃咬宝可梦,0.5m,5.9kg,200,"['50', '75', '45', '40', '45', '60', '315']"
#0589,#067,骑士蜗牛,虫/钢,硬壳盔甲/蟲之預感,防尘,骑兵宝可梦,1.0m,33.0kg,75,"['70', '135', '105', '60', '105', '20', '495']"
#0001,#068,妙蛙种子,草/毒,茂盛,叶绿素,种子宝可梦,0.7m,6.9kg,45,"['45', '49', '49', '65', '65', '45', '318']"
#0002,#069,妙蛙草,草/毒,茂盛,叶绿素,种子宝可梦,1.0m,13.0kg,45,"['60', '62', '63', '80', '80', '60', '405']"
#0003,#070,妙蛙花,草/毒,茂盛,叶绿素,种子宝可梦,2.0m,100.0kg,45,"['80', '82', '83', '100', '100', '80', '525']"
#0007,#071,杰尼龟,水,激流,雨盘,小龟宝可梦,0.5m,9.0kg,45,"['44', '48', '65', '50', '64', '43', '314']"
#0008,#072,卡咪龟,水,激流,雨盘,龟宝可梦,1.0m,22.5kg,45,"['59', '63', '80', '65', '80', '58', '405']"
#0009,#073,水箭龟,水,激流,雨盘,甲壳宝可梦,1.6m,85.5kg,45,"['79', '83', '100', '85', '105', '78', '530']"
#0543,#074,百足蜈蚣,虫/毒,毒刺/蟲之預感,加速,蜈蚣宝可梦,0.4m,5.3kg,255,"['30', '45', '59', '30', '39', '57', '260']"
#0544,#075,车轮球,虫/毒,毒刺/蟲之預感,加速,茧蜈蚣宝可梦,1.2m,58.5kg,120,"['40', '55', '99', '40', '79', '47', '360']"
#0545,#076,蜈蚣王,虫/毒,毒刺/蟲之預感,加速,巨蜈蚣宝可梦,2.5m,200.5kg,45,"['60', '100', '89', '55', '69', '112', '485']"
#0590,#077,哎呀球菇,草/毒,孢子,再生力,蘑菇宝可梦,0.2m,1.0kg,190,"['69', '55', '45', '55', '55', '15', '294']"
#0591,#078,败露球菇,草/毒,孢子,再生力,蘑菇宝可梦,0.6m,10.5kg,75,"['114', '85', '70', '85', '80', '30', '464']"
#0764,#079,花疗环环,妖精,先行治疗/花幕,自然回复,摘花宝可梦,0.1m,0.3kg,60,"['51', '52', '90', '82', '110', '100', '485']"
#0114,#080,蔓藤怪,草,叶子防守/叶绿素,再生力,藤蔓状宝可梦,1.0m,35.0kg,45,"['65', '55', '115', '100', '40', '60', '435']"
#0465,#081,巨蔓藤,草,叶子防守/叶绿素,再生力,藤蔓状宝可梦,2.0m,128.6kg,30,"['100', '100', '125', '110', '50', '50', '535']"
#0453,#082,不良蛙,毒/格斗,危险预知/干燥皮肤,毒手,毒击宝可梦,0.7m,23.0kg,140,"['48', '61', '40', '61', '40', '50', '300']"
#0454,#083,毒骷蛙,毒/格斗,危险预知/干燥皮肤,毒手,毒击宝可梦,1.3m,44.4kg,75,"['83', '106', '65', '86', '65', '85', '490']"
#0172,#084,皮丘,电,静电,避雷针,小鼠宝可梦,0.3m,2.0kg,190,"['20', '40', '15', '35', '35', '60', '205']"
#0025,#085,皮卡丘,电,静电,避雷针,鼠宝可梦,0.4m,6.0kg,190,"['35', '55', '40', '50', '50', '90', '320']"
#0026,#086,雷丘,电,静电,避雷针,鼠宝可梦,0.8m,30.0kg,75,"['60', '90', '55', '90', '80', '110', '485']"
#0570,#087,索罗亚,恶,幻觉,,恶狐宝可梦,0.7m,12.5kg,75,"['40', '65', '40', '80', '40', '65', '330']"
#0571,#088,索罗亚克,恶,幻觉,,妖狐宝可梦,1.6m,81.1kg,45,"['60', '105', '60', '120', '60', '105', '510']"
#0765,#089,智挥猩,一般/超能力,精神力/心灵感应,共生,贤者宝可梦,1.5m,76.0kg,45,"['90', '60', '80', '90', '110', '60', '490']"
#0766,#090,投掷猴,格斗,接球手,不服输,配合宝可梦,2.0m,82.8kg,45,"['100', '120', '90', '40', '60', '80', '490']"
#0341,#091,龙虾小兵,水,硬壳盔甲/怪力钳,适应力,无赖宝可梦,0.6m,11.5kg,205,"['43', '80', '65', '50', '35', '35', '308']"
#0342,#092,铁螯龙虾,水/恶,硬壳盔甲/怪力钳,适应力,流氓宝可梦,1.1m,32.8kg,155,"['63', '120', '85', '90', '55', '55', '468']"
#0845,#093,古月鸟,飞行/水,一口导弹,,一口吞宝可梦,0.8m,18.0kg,45,"['70', '85', '55', '85', '95', '85', '475']"
#0118,#094,角金鱼,水,水幕/悠游自如,避雷针,金鱼宝可梦,0.6m,15.0kg,225,"['45', '67', '60', '35', '50', '63', '320']"
#0119,#095,金鱼王,水,水幕/悠游自如,避雷针,金鱼宝可梦,1.3m,39.0kg,60,"['80', '92', '65', '65', '80', '68', '450']"
#0846,#096,刺梭鱼,水,悠游自如,螺旋尾鳍,突击宝可梦,0.5m,1.0kg,255,"['41', '63', '40', '40', '30', '66', '280']"
#0847,#097,戽斗尖梭,水,悠游自如,螺旋尾鳍,穿刺宝可梦,1.3m,30.0kg,60,"['61', '123', '60', '60', '50', '136', '490']"
#0120,#098,海星星,水,发光/自然回复,分析,星形宝可梦,0.8m,34.5kg,225,"['30', '45', '55', '70', '55', '85', '340']"
#0121,#099,宝石海星,水/超能力,发光/自然回复,分析,谜宝可梦,1.1m,80.0kg,60,"['60', '75', '85', '100', '85', '115', '520']"
#0891,#100,熊徒弟,格斗,精神力,,拳法宝可梦,0.6m,12.0kg,3,"['60', '90', '60', '53', '50', '72', '385']"
#0892,#101,武道熊师,格斗/恶,无形拳,,拳法宝可梦,1.9m,105.0kg,3,"['100', '130', '100', '63', '60', '97', '550']"
#0892,#101,武道熊师,格斗/水,无形拳,,拳法宝可梦,1.9m,105.0kg,3,"['100', '130', '100', '63', '60', '97', '550']"
#0587,#102,电飞鼠,电/飞行,静电,电气引擎,飞鼠宝可梦,0.4m,5.0kg,200,"['55', '75', '60', '75', '60', '103', '428']"
#0702,#103,咚咚鼠,电/妖精,捡拾/颊囊,正电,天线宝可梦,0.2m,2.2kg,200,"['67', '58', '57', '81', '67', '101', '431']"
#0877,#104,莫鲁贝可,电/恶,饱了又饿,,双面宝可梦,0.3m,3.0kg,180,"['58', '95', '58', '70', '58', '97', '436']"
#0081,#105,小磁怪,电/钢,磁力/结实,分析,磁铁宝可梦,0.3m,6.0kg,190,"['25', '35', '70', '95', '55', '45', '325']"
#0082,#106,三合一磁怪,电/钢,磁力/结实,分析,磁铁宝可梦,1.0m,60.0kg,60,"['50', '60', '95', '120', '70', '70', '465']"
#0462,#107,自爆磁怪,电/钢,磁力/结实,分析,磁场宝可梦,1.2m,180.0kg,30,"['70', '70', '115', '130', '90', '60', '535']"
#0686,#108,好啦鱿,恶/超能力,唱反调/吸盘,穿透,回转宝可梦,0.4m,3.5kg,190,"['53', '54', '53', '37', '46', '45', '288']"
#0687,#109,乌贼王,恶/超能力,唱反调/吸盘,穿透,倒转宝可梦,1.5m,47.0kg,80,"['86', '92', '88', '68', '75', '73', '482']"
#0746,#110,弱丁鱼,水,鱼群,,小鱼宝可梦,0.2m,0.3kg,60,"['45', '20', '20', '25', '25', '40', '175']"
#0318,#111,利牙鱼,水/恶,粗糙皮肤,加速,凶猛宝可梦,0.8m,20.8kg,225,"['45', '90', '20', '65', '20', '65', '305']"
#0319,#112,巨牙鲨,水/恶,粗糙皮肤,加速,凶暴宝可梦,1.8m,88.8kg,60,"['70', '120', '40', '95', '40', '95', '460']"
#0506,#113,小约克,一般,捡拾/干劲,逃跑,小狗宝可梦,0.4m,4.1kg,255,"['45', '60', '45', '25', '45', '55', '275']"
#0507,#114,哈约克,一般,拨沙/威吓,胆量,忠犬宝可梦,0.9m,14.7kg,120,"['65', '80', '65', '35', '65', '60', '370']"
#0508,#115,长毛狗,一般,拨沙/威吓,胆量,宽大宝可梦,1.2m,61.0kg,45,"['85', '110', '90', '45', '90', '80', '500']"
#0128,#116,肯泰罗,一般,威吓/愤怒穴位,强行,暴牛宝可梦,1.4m,88.4kg,45,"['75', '100', '95', '40', '70', '110', '490']"
#0241,#117,大奶罐,一般,厚脂肪/胆量,食草,奶牛宝可梦,1.2m,75.5kg,45,"['95', '80', '105', '40', '70', '100', '490']"
#0123,#118,飞天螳螂,虫/飞行,蟲之預感/技术高手,不屈之心,螳螂宝可梦,1.5m,56.0kg,45,"['70', '110', '80', '55', '80', '105', '500']"
#0212,#119,巨钳螳螂,虫/钢,蟲之預感/技术高手,轻金属,钳子宝可梦,1.8m,118.0kg,25,"['70', '130', '100', '55', '80', '65', '500']"
#0127,#120,凯罗斯,虫,破格/怪力钳,自信过度,锹形虫宝可梦,1.5m,55.0kg,45,"['65', '125', '100', '55', '70', '85', '500']"
#0214,#121,赫拉克罗斯,虫/格斗,蟲之預感/毅力,自信过度,独角宝可梦,1.5m,54.0kg,45,"['80', '125', '75', '40', '95', '85', '500']"
#0557,#122,石居蟹,虫/岩石,硬壳盔甲/结实,碎裂铠甲,石居宝可梦,0.3m,14.5kg,190,"['50', '65', '85', '35', '35', '55', '325']"
#0558,#123,岩殿居蟹,虫/岩石,硬壳盔甲/结实,碎裂铠甲,岩居宝可梦,1.4m,200.0kg,75,"['70', '105', '125', '65', '75', '45', '485']"
#0767,#124,胆小虫,虫/水,跃跃欲逃,,疾行宝可梦,0.5m,12.0kg,90,"['25', '35', '40', '20', '30', '80', '230']"
#0768,#125,具甲武者,虫/水,危险回避,,装甲宝可梦,2.0m,108.0kg,45,"['75', '125', '140', '60', '90', '40', '530']"
#0871,#126,啪嚓海胆,电,避雷针,电气制造者,海胆宝可梦,0.3m,1.0kg,75,"['48', '101', '95', '91', '85', '15', '435']"
#0747,#127,好坏星,毒/水,柔软/不仁不义,再生力,非星宝可梦,0.4m,8.0kg,190,"['50', '53', '62', '43', '52', '45', '305']"
#0748,#128,超坏星,毒/水,柔软/不仁不义,再生力,非星宝可梦,0.7m,14.5kg,75,"['50', '63', '152', '53', '142', '35', '495']"
#0852,#129,拳拳蛸,格斗,柔软,技术高手,缠人宝可梦,0.6m,4.0kg,180,"['50', '68', '60', '50', '50', '32', '310']"
#0853,#130,八爪武师,格斗,柔软,技术高手,柔术宝可梦,1.6m,39.0kg,45,"['80', '118', '90', '70', '80', '42', '480']"
#0090,#131,大舌贝,水,硬壳盔甲/连续攻击,防尘,双壳贝宝可梦,0.3m,4.0kg,190,"['30', '65', '100', '45', '25', '40', '305']"
#0091,#132,刺甲贝,水/冰,硬壳盔甲/连续攻击,防尘,双壳贝宝可梦,1.5m,132.5kg,60,"['50', '95', '180', '85', '45', '70', '525']"
#0769,#133,沙丘娃,幽灵/地面,遇水凝固,沙隐,沙丘宝可梦,0.5m,70.0kg,140,"['55', '55', '80', '70', '45', '15', '320']"
#0770,#134,噬沙堡爷,幽灵/地面,遇水凝固,沙隐,沙堡宝可梦,1.3m,250.0kg,60,"['85', '75', '110', '100', '75', '35', '480']"
#0425,#135,飘飘球,幽灵/飞行,轻装/引爆,受热激升,气球宝可梦,0.4m,1.2kg,125,"['90', '50', '34', '60', '44', '70', '348']"
#0426,#136,随风球,幽灵/飞行,轻装/引爆,受热激升,热气球宝可梦,1.2m,15.0kg,60,"['150', '80', '44', '90', '54', '80', '498']"
#0339,#137,泥泥鳅,水/地面,迟钝/危险预知,湿润之躯,须鱼宝可梦,0.4m,1.9kg,190,"['50', '48', '43', '46', '41', '60', '288']"
#0340,#138,鲶鱼王,水/地面,迟钝/危险预知,湿润之躯,须鱼宝可梦,0.9m,23.6kg,75,"['110', '78', '73', '76', '71', '60', '468']"
#0298,#139,露力丽,一般/妖精,厚脂肪/大力士,食草,水珠宝可梦,0.2m,2.0kg,150,"['50', '20', '40', '20', '40', '20', '190']"
#0183,#140,玛力露,水/妖精,厚脂肪/大力士,食草,水鼠宝可梦,0.4m,8.5kg,190,"['70', '20', '50', '20', '50', '40', '250']"
#0184,#141,玛力露丽,水/妖精,厚脂肪/大力士,食草,水兔宝可梦,0.8m,28.5kg,75,"['100', '50', '80', '60', '80', '50', '420']"
#0060,#142,蚊香蝌蚪,水,储水/湿气,悠游自如,蝌蚪宝可梦,0.6m,12.4kg,255,"['40', '50', '40', '40', '40', '90', '300']"
#0061,#143,蚊香君,水,储水/湿气,悠游自如,蝌蚪宝可梦,1.0m,20.0kg,120,"['65', '65', '65', '50', '50', '90', '385']"
#0062,#144,蚊香泳士,水/格斗,储水/湿气,悠游自如,蝌蚪宝可梦,1.3m,54.0kg,45,"['90', '95', '95', '70', '90', '70', '510']"
#0186,#145,蚊香蛙皇,水,储水/湿气,降雨,蛙宝可梦,1.1m,33.9kg,45,"['90', '75', '75', '90', '100', '70', '500']"
#0054,#146,可达鸭,水,湿气/无关天气,悠游自如,鸭宝可梦,0.8m,19.6kg,190,"['50', '52', '48', '65', '50', '55', '320']"
#0055,#147,哥达鸭,水,湿气/无关天气,悠游自如,鸭宝可梦,1.7m,76.6kg,75,"['80', '82', '78', '95', '80', '85', '500']"
#0293,#148,咕妞妞,一般,隔音,胆怯,细语宝可梦,0.6m,16.3kg,190,"['64', '51', '23', '51', '23', '28', '240']"
#0294,#149,吼爆弹,一般,隔音,胆量,大声宝可梦,1.0m,40.5kg,120,"['84', '71', '43', '71', '43', '48', '360']"
#0295,#150,爆音怪,一般,隔音,胆量,噪音宝可梦,1.5m,84.0kg,45,"['104', '91', '63', '91', '73', '68', '490']"
#0527,#151,滚滚蝙蝠,超能力/飞行,笨拙/纯朴,单纯,蝙蝠宝可梦,0.4m,2.1kg,190,"['65', '45', '43', '55', '43', '72', '323']"
#0528,#152,心蝙蝠,超能力/飞行,笨拙/纯朴,单纯,求爱宝可梦,0.9m,10.5kg,45,"['67', '57', '55', '77', '55', '114', '425']"
#0227,#153,盔甲鸟,钢/飞行,锐利目光/结实,碎裂铠甲,钢甲鸟宝可梦,1.7m,50.5kg,25,"['65', '80', '140', '40', '70', '70', '465']"
#0524,#154,石丸子,岩石,碎裂铠甲/结实,沙之力,地幔宝可梦,0.4m,18.0kg,255,"['55', '75', '85', '25', '25', '15', '280']"
#0525,#155,地幔岩,岩石,碎裂铠甲/结实,沙之力,矿石宝可梦,0.9m,102.0kg,120,"['70', '105', '105', '50', '40', '20', '390']"
#0526,#156,庞岩怪,岩石,扬沙/结实,沙之力,高压宝可梦,1.7m,260.0kg,45,"['85', '135', '130', '60', '80', '25', '515']"
#0744,#157,岩狗狗,岩石,锐利目光/干劲,不屈之心,小狗宝可梦,0.5m,9.2kg,190,"['45', '65', '40', '30', '40', '60', '280']"
#0745,#158,鬃岩狼人,岩石,拨沙/锐利目光,不屈之心,狼宝可梦,0.8m,25.0kg,90,"['75', '115', '65', '55', '65', '112', '487']"
#0757,#159,夜盗火蜥,毒/火,腐蚀,迟钝,毒蜥宝可梦,0.6m,4.8kg,120,"['48', '44', '40', '71', '40', '77', '320']"
#0758,#160,焰后蜥,毒/火,腐蚀,迟钝,毒蜥宝可梦,1.2m,22.2kg,45,"['68', '64', '60', '111', '60', '117', '480']"
#0559,#161,滑滑小子,恶/格斗,自信过度/蜕皮,威吓,蜕皮宝可梦,0.6m,11.8kg,180,"['50', '75', '70', '35', '70', '48', '348']"
#0560,#162,头巾混混,恶/格斗,自信过度/蜕皮,威吓,恶党宝可梦,1.1m,30.0kg,90,"['65', '90', '115', '45', '115', '58', '488']"
#0619,#163,功夫鼬,格斗,再生力/精神力,舍身,武术宝可梦,0.9m,20.0kg,180,"['45', '85', '50', '55', '50', '65', '350']"
#0620,#164,师父鼬,格斗,再生力/精神力,舍身,武术宝可梦,1.4m,35.5kg,45,"['65', '125', '60', '95', '60', '105', '510']"
#0782,#165,心鳞宝,龙,防弹/隔音,防尘,鳞片宝可梦,0.6m,29.7kg,45,"['45', '55', '65', '45', '45', '45', '300']"
#0783,#166,鳞甲龙,龙/格斗,防弹/隔音,防尘,鳞片宝可梦,1.2m,47.0kg,45,"['55', '75', '90', '65', '70', '65', '420']"
#0784,#167,杖尾鳞甲龙,龙/格斗,防弹/隔音,防尘,鳞片宝可梦,1.6m,78.2kg,45,"['75', '110', '125', '100', '105', '85', '600']"
#0027,#168,穿山鼠,地面,沙隐,拨沙,鼠宝可梦,0.6m,12.0kg,255,"['50', '75', '85', '20', '30', '40', '300']"
#0028,#169,穿山王,地面,沙隐,拨沙,鼠宝可梦,1.0m,29.5kg,90,"['75', '100', '110', '45', '55', '65', '450']"
#0104,#170,卡拉卡拉,地面,坚硬脑袋/避雷针,战斗盔甲,孤独宝可梦,0.4m,6.5kg,190,"['50', '50', '95', '40', '50', '35', '320']"
#0105,#171,嘎啦嘎啦,地面,坚硬脑袋/避雷针,战斗盔甲,爱骨宝可梦,1.0m,45.0kg,75,"['60', '80', '110', '50', '80', '45', '425']"
#0115,#172,袋兽,一般,胆量/早起,精神力,亲子宝可梦,2.2m,80.0kg,45,"['105', '95', '80', '40', '80', '90', '490']"
#0324,#173,煤炭龟,火,白色煙霧/日照,硬壳盔甲,煤炭宝可梦,0.5m,80.4kg,90,"['70', '85', '140', '85', '70', '20', '470']"
#0843,#174,沙包蛇,地面,吐沙/蜕皮,沙隐,沙蛇宝可梦,2.2m,7.6kg,255,"['52', '57', '75', '35', '50', '46', '315']"
#0844,#175,沙螺蟒,地面,吐沙/蜕皮,沙隐,沙蛇宝可梦,3.8m,65.5kg,120,"['72', '107', '125', '65', '70', '71', '510']"
#0551,#176,黑眼鳄,地面/恶,自信过度/威吓,愤怒穴位,沙漠鳄鱼宝可梦,0.7m,15.2kg,180,"['50', '72', '35', '35', '35', '65', '292']"
#0552,#177,混混鳄,地面/恶,自信过度/威吓,愤怒穴位,沙漠鳄鱼宝可梦,1.0m,33.4kg,90,"['60', '82', '45', '45', '45', '74', '351']"
#0553,#178,流氓鳄,地面/恶,自信过度/威吓,愤怒穴位,威吓宝可梦,1.5m,96.3kg,45,"['95', '117', '80', '65', '70', '92', '519']"
#0627,#179,毛头小鹰,一般/飞行,锐利目光/强行,活力,雏鹰宝可梦,0.5m,10.5kg,190,"['70', '83', '50', '37', '50', '60', '350']"
#0628,#180,勇士雄鹰,一般/飞行,锐利目光/强行,不服输,勇猛宝可梦,1.5m,41.0kg,60,"['100', '123', '75', '57', '75', '80', '510']"
#0629,#181,秃鹰丫头,恶/飞行,健壮胸肌/防尘,碎裂铠甲,尿布宝可梦,0.5m,9.0kg,190,"['70', '55', '75', '45', '65', '60', '370']"
#0630,#182,秃鹰娜,恶/飞行,健壮胸肌/防尘,碎裂铠甲,骨鹰宝可梦,1.2m,39.5kg,60,"['110', '65', '105', '55', '95', '80', '510']"
#0111,#183,独角犀牛,地面/岩石,坚硬脑袋/避雷针,舍身,尖尖宝可梦,1.0m,115.0kg,120,"['80', '85', '95', '30', '30', '25', '345']"
#0112,#184,钻角犀兽,地面/岩石,坚硬脑袋/避雷针,舍身,钻锥宝可梦,1.9m,120.0kg,60,"['105', '130', '120', '45', '45', '40', '485']"
#0464,#185,超甲狂犀,地面/岩石,坚硬岩石/避雷针,舍身,钻锥宝可梦,2.4m,282.8kg,30,"['115', '140', '130', '55', '55', '40', '535']"
#0636,#186,燃烧虫,虫/火,火焰之躯,蟲之預感,火炬宝可梦,1.1m,28.8kg,45,"['55', '85', '55', '50', '55', '60', '360']"
#0637,#187,火神蛾,虫/火,火焰之躯,蟲之預感,太阳宝可梦,1.6m,46.0kg,15,"['85', '60', '65', '135', '105', '100', '550']"
#0170,#188,灯笼鱼,水/电,蓄电/发光,储水,琵琶鱼宝可梦,0.5m,12.0kg,190,"['75', '38', '38', '56', '56', '67', '330']"
#0171,#189,电灯怪,水/电,蓄电/发光,储水,灯宝可梦,1.2m,22.5kg,75,"['125', '58', '58', '76', '76', '67', '460']"
#0320,#190,吼吼鲸,水,迟钝/水幕,压迫感,球鲸宝可梦,2.0m,130.0kg,125,"['130', '70', '35', '70', '35', '60', '400']"
#0321,#191,吼鲸王,水,迟钝/水幕,压迫感,浮鲸宝可梦,14.5m,398.0kg,60,"['170', '90', '45', '90', '45', '60', '500']"
#0592,#192,轻飘飘,水/幽灵,储水/诅咒之躯,湿气,漂浮宝可梦,1.2m,33.0kg,190,"['55', '40', '50', '65', '85', '40', '335']"
#0593,#193,胖嘟嘟,水/幽灵,储水/诅咒之躯,湿气,漂浮宝可梦,2.2m,135.0kg,60,"['100', '60', '70', '85', '105', '60', '480']"
#0690,#194,垃垃藻,毒/水,毒刺/毒手,适应力,似草宝可梦,0.5m,7.3kg,225,"['50', '60', '60', '60', '60', '30', '320']"
#0691,#195,毒藻龙,毒/龙,毒刺/毒手,适应力,似草宝可梦,1.8m,81.5kg,55,"['65', '75', '90', '97', '123', '44', '494']"
#0692,#196,铁臂枪虾,水,超级发射器,,水枪宝可梦,0.5m,8.3kg,225,"['50', '53', '62', '58', '63', '44', '330']"
#0693,#197,钢炮臂虾,水,超級發射器,,发射器宝可梦,1.3m,35.3kg,55,"['71', '73', '88', '120', '89', '59', '500']"
#0116,#198,墨海马,水,悠游自如/狙击手,湿气,龙宝可梦,0.4m,8.0kg,225,"['30', '40', '70', '70', '25', '60', '295']"
#0117,#199,海刺龙,水,毒刺/狙击手,湿气,龙宝可梦,1.2m,25.0kg,75,"['55', '65', '95', '95', '45', '85', '440']"
#0230,#200,刺龙王,水/龙,悠游自如/狙击手,湿气,龙宝可梦,1.8m,152.0kg,45,"['75', '95', '95', '95', '95', '85', '540']"
#0548,#201,百合根娃娃,草,叶绿素/我行我素,叶子防守,根茎宝可梦,0.5m,6.6kg,190,"['45', '35', '50', '70', '50', '30', '280']"
#0549,#202,裙儿小姐,草,叶绿素/我行我素,叶子防守,花饰宝可梦,1.1m,16.3kg,75,"['70', '60', '75', '110', '75', '90', '480']"
#0415,#203,三蜜蜂,虫/飞行,采蜜,活力,幼蜂宝可梦,0.3m,5.5kg,120,"['30', '30', '42', '30', '42', '70', '244']"
#0416,#204,蜂女王,虫/飞行,压迫感,紧张感,蜂巢宝可梦,1.2m,38.5kg,45,"['70', '80', '102', '80', '102', '40', '474']"
#0102,#205,蛋蛋,草/超能力,叶绿素,收获,蛋宝可梦,0.4m,2.5kg,90,"['60', '40', '80', '60', '45', '40', '325']"
#0103,#206,椰蛋树,草/超能力,叶绿素,收获,椰子宝可梦,2.0m,120.0kg,45,"['95', '95', '85', '125', '75', '55', '530']"
#0132,#207,百变怪,一般,柔软,变身者,变身宝可梦,0.3m,4.0kg,35,"['48', '48', '48', '48', '48', '48', '288']"
#0137,#208,多边兽,一般,复制/下载,分析,虚拟宝可梦,0.8m,36.5kg,45,"['65', '60', '70', '85', '75', '40', '395']"
#0233,#209,多边兽Ⅱ,一般,复制/下载,分析,虚拟宝可梦,0.6m,32.5kg,45,"['85', '80', '90', '105', '95', '60', '515']"
#0474,#210,多边兽Ｚ,一般,适应力/下载,分析,虚拟宝可梦,0.9m,34.0kg,30,"['85', '80', '70', '135', '75', '90', '535']"
#0893,#211,萨戮德,恶/草,叶子防守,,恶猿宝可梦,1.8m,70.0kg,3,"['105', '120', '105', '70', '95', '105', '600']"
