全国编号,地区编号（旧）,地区编号（新）,名称,属性,普通特性,隐藏特性,类别,身高,体重,捕获率,种族值
#152,#001,#001,菊草叶,草,茂盛,叶子防守,叶子宝可梦,0.9m,6.4kg,45,"['45', '49', '65', '49', '65', '45', '318']"
#153,#002,#002,月桂叶,草,茂盛,叶子防守,叶子宝可梦,1.2m,15.8kg,45,"['60', '62', '80', '63', '80', '60', '405']"
#154,#003,#003,大竺葵,草,茂盛,叶子防守,芳草宝可梦,1.8m,100.5kg,45,"['80', '82', '100', '83', '100', '80', '525']"
#155,#004,#004,火球鼠,火,猛火,引火,火鼠宝可梦,0.5m,7.9kg,45,"['39', '52', '43', '60', '50', '65', '309']"
#156,#005,#005,火岩鼠,火,猛火,引火,火山宝可梦,0.9m,19.0kg,45,"['58', '64', '58', '80', '65', '80', '405']"
#157,#006,#006,火暴兽,火,猛火,引火,火山宝可梦,1.7m,79.5kg,45,"['78', '84', '78', '109', '85', '100', '534']"
#158,#007,#007,小锯鳄,水,激流,强行,大颚宝可梦,0.6m,9.5kg,45,"['50', '65', '64', '44', '48', '43', '314']"
#159,#008,#008,蓝鳄,水,激流,强行,大颚宝可梦,1.1m,25.0kg,45,"['65', '80', '80', '59', '63', '58', '405']"
#160,#009,#009,大力鳄,水,激流,强行,大颚宝可梦,2.3m,88.8kg,45,"['85', '105', '100', '79', '83', '78', '530']"
#016,#010,#010,波波,一般/飞行,蹒跚/锐利目光,健壮胸肌,小鸟宝可梦,0.3m,1.8kg,255,"['40', '45', '40', '35', '35', '56', '251']"
#017,#011,#011,比比鸟,一般/飞行,蹒跚/锐利目光,健壮胸肌,鸟宝可梦,1.1m,30.0kg,120,"['63', '60', '55', '50', '50', '71', '349']"
#018,#012,#012,大比鸟,一般/飞行,蹒跚/锐利目光,健壮胸肌,鸟宝可梦,1.5m,39.5kg,45,"['83', '80', '75', '70', '70', '101', '479']"
#021,#013,#013,烈雀,一般/飞行,锐利目光,狙击手,小鸟宝可梦,0.3m,2.0kg,255,"['40', '60', '30', '31', '31', '70', '262']"
#022,#014,#014,大嘴雀,一般/飞行,锐利目光,狙击手,鸟嘴宝可梦,1.2m,38.0kg,90,"['65', '90', '65', '61', '61', '100', '442']"
#163,#015,#015,咕咕,一般/飞行,不眠/锐利目光,有色眼镜,猫头鹰宝可梦,0.7m,21.2kg,255,"['60', '30', '30', '36', '56', '50', '262']"
#164,#016,#016,猫头夜鹰,一般/飞行,不眠/锐利目光,有色眼镜,猫头鹰宝可梦,1.6m,40.8kg,90,"['100', '50', '50', '86', '96', '70', '452']"
#019,#017,#017,小拉达,一般,毅力/逃跑,活力,鼠宝可梦,0.3m,3.5kg,255,"['30', '56', '35', '25', '35', '72', '253']"
#020,#018,#018,拉达,一般,毅力/逃跑,活力,鼠宝可梦,0.7m,18.5kg,127,"['55', '81', '60', '50', '70', '97', '413']"
#161,#019,#019,尾立,一般,逃跑/锐利目光,察觉,放哨宝可梦,0.8m,6.0kg,255,"['35', '46', '34', '35', '45', '20', '215']"
#162,#020,#020,大尾立,一般,逃跑/锐利目光,察觉,长躯干宝可梦,1.8m,32.5kg,90,"['85', '76', '64', '45', '55', '90', '415']"
#172,#021,#021,皮丘,电,静电,避雷针,小鼠宝可梦,0.3m,2.0kg,190,"['20', '40', '15', '35', '35', '60', '205']"
#025,#022,#022,皮卡丘,电,静电,避雷针,鼠宝可梦,0.4m,6.0kg,190,"['35', '55', '40', '50', '50', '90', '320']"
#026,#023,#023,雷丘,电,静电,避雷针,鼠宝可梦,0.8m,30.0kg,75,"['60', '90', '55', '90', '80', '110', '485']"
#010,#024,#024,绿毛虫,虫,鳞粉,逃跑,虫宝宝宝可梦,0.3m,2.9kg,255,"['45', '30', '35', '20', '20', '45', '195']"
#011,#025,#025,铁甲蛹,虫,蜕皮,,蛹宝可梦,0.7m,9.9kg,120,"['50', '20', '55', '25', '25', '30', '205']"
#012,#026,#026,巴大蝶,虫/飞行,复眼,有色眼镜,蝴蝶宝可梦,1.1m,32.0kg,45,"['60', '45', '50', '90', '80', '70', '395']"
#013,#027,#027,独角虫,虫/毒,鳞粉,逃跑,毛毛虫宝可梦,0.3m,3.2kg,255,"['40', '35', '30', '20', '20', '50', '195']"
#014,#028,#028,铁壳蛹,虫/毒,蜕皮,,蛹宝可梦,0.6m,10.0kg,120,"['45', '25', '50', '25', '25', '35', '205']"
#015,#029,#029,大针蜂,虫/毒,虫之预感,狙击手,毒蜂宝可梦,1.0m,29.5kg,45,"['65', '90', '40', '45', '80', '75', '395']"
#165,#030,#030,芭瓢虫,虫/飞行,虫之预感/早起,胆怯,五星宝可梦,1.0m,10.8kg,255,"['40', '20', '30', '40', '80', '55', '265']"
#166,#031,#031,安瓢虫,虫/飞行,蟲之預感/早起,铁拳,五星宝可梦,1.4m,35.6kg,90,"['55', '35', '50', '55', '110', '85', '390']"
#167,#032,#032,圆丝蛛,虫/毒,蟲之預感/不眠,狙击手,吐丝宝可梦,0.5m,8.5kg,255,"['40', '60', '40', '40', '40', '30', '250']"
#168,#033,#033,阿利多斯,虫/毒,蟲之預感/不眠,狙击手,长腿宝可梦,1.1m,33.5kg,90,"['70', '90', '70', '60', '70', '40', '400']"
#074,#034,#034,小拳石,岩石/地面,坚硬脑袋/结实,沙隐,岩石宝可梦,0.4m,20.0kg,255,"['40', '80', '100', '30', '30', '20', '300']"
#075,#035,#035,隆隆石,岩石/地面,坚硬脑袋/结实,沙隐,岩石宝可梦,1.0m,105.0kg,120,"['55', '95', '115', '45', '45', '35', '390']"
#076,#036,#036,隆隆岩,岩石/地面,坚硬脑袋/结实,沙隐,重量级宝可梦,1.4m,300.0kg,45,"['80', '120', '130', '55', '65', '45', '495']"
#041,#037,#037,超音蝠,毒/飞行,精神力,穿透,蝙蝠宝可梦,0.8m,7.5kg,255,"['40', '45', '35', '30', '40', '55', '245']"
#042,#038,#038,大嘴蝠,毒/飞行,精神力,穿透,蝙蝠宝可梦,1.6m,55.0kg,90,"['75', '80', '70', '65', '75', '90', '455']"
#169,#039,#039,叉字蝠,毒/飞行,精神力,穿透,蝙蝠宝可梦,1.8m,75.0kg,90,"['85', '90', '80', '70', '80', '130', '535']"
#173,#040,#040,皮宝宝,一般,魔法防守/迷人之躯,友情防守,星形宝可梦,0.3m,3.0kg,150,"['50', '25', '28', '45', '55', '15', '218']"
#035,#041,#041,皮皮,一般,魔法防守/迷人之躯,友情防守,妖精宝可梦,0.6m,7.5kg,150,"['70', '45', '48', '60', '65', '35', '323']"
#036,#042,#042,皮可西,一般,魔法防守/迷人之躯,纯朴,妖精宝可梦,1.3m,40.0kg,25,"['95', '70', '73', '95', '90', '60', '483']"
#174,#043,#043,宝宝丁,一般,好胜/迷人之躯,友情防守,气球宝可梦,0.3m,1.0kg,170,"['90', '30', '15', '40', '20', '15', '210']"
#039,#044,#044,胖丁,一般,好胜/迷人之躯,友情防守,气球宝可梦,0.5m,5.5kg,170,"['115', '45', '20', '45', '25', '20', '270']"
#040,#045,#045,胖可丁,一般,好胜/迷人之躯,察觉,气球宝可梦,1.0m,12.0kg,50,"['140', '70', '45', '85', '50', '45', '435']"
#175,#046,#046,波克比,一般,天恩/活力,超幸运,针球宝可梦,0.3m,1.5kg,190,"['35', '20', '65', '40', '65', '20', '245']"
#176,#047,#047,波克基古,一般/飞行,天恩/活力,超幸运,幸福宝可梦,0.6m,3.2kg,75,"['55', '40', '85', '80', '105', '40', '405']"
#027,#048,#048,穿山鼠,地面,沙隐,拨沙,鼠宝可梦,0.6m,12.0kg,255,"['50', '75', '85', '20', '30', '40', '300']"
#028,#049,#049,穿山王,地面,沙隐,拨沙,鼠宝可梦,1.0m,29.5kg,90,"['75', '100', '110', '45', '55', '65', '450']"
#023,#050,#050,阿柏蛇,毒,威吓/蜕皮,紧张感,蛇宝可梦,2.0m,6.9kg,255,"['35', '60', '44', '40', '54', '55', '288']"
#024,#051,#051,阿柏怪,毒,威吓/蜕皮,紧张感,眼镜蛇宝可梦,3.5m,65.0kg,90,"['60', '95', '69', '65', '79', '80', '448']"
#206,#052,#052,土龙弟弟,一般,天恩/逃跑,胆怯,地蛇宝可梦,1.5m,14.0kg,190,"['100', '70', '70', '65', '65', '45', '415']"
#179,#053,#053,咩利羊,电,静电,正电,绵毛宝可梦,0.6m,7.8kg,235,"['55', '40', '40', '65', '45', '35', '280']"
#180,#054,#054,茸茸羊,电,静电,正电,绵毛宝可梦,0.8m,13.3kg,120,"['70', '55', '55', '80', '60', '45', '365']"
#181,#055,#055,电龙,电,静电,正电,灯宝可梦,1.4m,61.5kg,45,"['90', '75', '85', '115', '90', '55', '510']"
#194,#056,#056,乌波,水/地面,湿气/储水,纯朴,水鱼宝可梦,0.4m,8.5kg,255,"['55', '45', '45', '25', '25', '15', '210']"
#195,#057,#057,沼王,水/地面,湿气/储水,纯朴,水鱼宝可梦,1.4m,75.0kg,90,"['95', '85', '85', '65', '65', '35', '430']"
#092,#058,#058,鬼斯,幽灵/毒,飘浮,,气体状宝可梦,1.3m,0.1kg,190,"['30', '35', '30', '100', '35', '80', '310']"
#093,#059,#059,鬼斯通,幽灵/毒,飘浮,,气体状宝可梦,1.6m,0.1kg,90,"['45', '50', '45', '115', '55', '95', '405']"
#094,#060,#060,耿鬼,幽灵/毒,诅咒之躯,,影子宝可梦,1.5m,40.5kg,45,"['60', '65', '60', '130', '75', '110', '500']"
#201,#061,#061,未知图腾,超能力,飘浮,,象征宝可梦,0.5m,5.0kg,225,"['48', '72', '48', '72', '48', '48', '336']"
#095,#062,#062,大岩蛇,岩石/地面,坚硬脑袋/结实,碎裂铠甲,岩蛇宝可梦,8.8m,210.0kg,45,"['35', '45', '160', '30', '45', '70', '385']"
#208,#063,#063,大钢蛇,钢/地面,坚硬脑袋/结实,强行,铁蛇宝可梦,9.2m,400.0kg,25,"['75', '85', '200', '55', '65', '30', '510']"
#069,#064,#064,喇叭芽,草/毒,叶绿素,贪吃鬼,花宝可梦,0.7m,4.0kg,255,"['50', '75', '35', '70', '30', '40', '300']"
#070,#065,#065,口呆花,草/毒,叶绿素,贪吃鬼,捕蝇宝可梦,1.0m,6.4kg,120,"['65', '90', '50', '85', '45', '55', '390']"
#071,#066,#066,大食花,草/毒,叶绿素,贪吃鬼,捕蝇宝可梦,1.7m,15.5kg,45,"['80', '105', '65', '100', '70', '70', '490']"
#187,#067,#067,毽子草,草/飞行,叶绿素/叶子防守,穿透,棉草宝可梦,0.4m,0.5kg,255,"['35', '35', '40', '35', '55', '50', '250']"
#188,#068,#068,毽子花,草/飞行,叶绿素/叶子防守,穿透,棉草宝可梦,0.6m,1.0kg,120,"['55', '45', '50', '45', '65', '80', '340']"
#189,#069,#069,毽子棉,草/飞行,叶绿素/叶子防守,穿透,棉草宝可梦,0.8m,3.0kg,45,"['75', '55', '70', '55', '95', '110', '460']"
#046,#070,#070,派拉斯,虫/草,孢子/干燥皮肤,湿气,蘑菇宝可梦,0.3m,5.4kg,190,"['35', '70', '55', '45', '55', '25', '285']"
#047,#071,#071,派拉斯特,虫/草,孢子/干燥皮肤,湿气,蘑菇宝可梦,1.0m,29.5kg,75,"['60', '95', '80', '60', '80', '30', '405']"
#060,#072,#072,蚊香蝌蚪,水,湿气/储水,悠游自如,蝌蚪宝可梦,0.6m,12.4kg,255,"['40', '50', '40', '40', '40', '90', '300']"
#061,#073,#073,蚊香君,水,湿气/储水,悠游自如,蝌蚪宝可梦,1.0m,20.0kg,120,"['65', '65', '65', '50', '50', '90', '385']"
#062,#074,#074,蚊香泳士,水/格斗,湿气/储水,悠游自如,蝌蚪宝可梦,1.3m,54.0kg,45,"['90', '95', '95', '70', '90', '70', '510']"
#186,#075,#075,蚊香蛙皇,水,湿气/储水,降雨,蛙宝可梦,1.1m,33.9kg,45,"['90', '75', '75', '90', '100', '70', '500']"
#129,#076,#076,鲤鱼王,水,悠游自如,胆怯,鱼宝可梦,0.9m,10.0kg,255,"['20', '10', '55', '15', '20', '80', '200']"
#130,#077,#077,暴鲤龙,水/飞行,威吓,自信过度,凶恶宝可梦,6.5m,235.0kg,45,"['95', '125', '79', '60', '100', '81', '540']"
#118,#078,#078,角金鱼,水,悠游自如/水幕,避雷针,金鱼宝可梦,0.6m,15.0kg,225,"['45', '67', '60', '35', '50', '63', '320']"
#119,#079,#079,金鱼王,水,悠游自如/水幕,避雷针,金鱼宝可梦,1.3m,39.0kg,60,"['80', '92', '65', '65', '80', '68', '450']"
#079,#080,#080,呆呆兽,水/超能力,我行我素/迟钝,再生力,憨憨宝可梦,1.2m,36.0kg,190,"['90', '65', '65', '40', '40', '15', '315']"
#080,#081,#081,呆壳兽,水/超能力,我行我素/迟钝,再生力,寄居蟹宝可梦,1.6m,78.5kg,75,"['95', '75', '110', '100', '80', '30', '490']"
#199,#082,#082,呆呆王,水/超能力,我行我素/迟钝,再生力,王者宝可梦,2.0m,79.5kg,70,"['95', '75', '80', '100', '110', '30', '490']"
#043,#083,#083,走路草,草/毒,叶绿素,逃跑,杂草宝可梦,0.5m,5.4kg,255,"['45', '50', '55', '75', '65', '30', '320']"
#044,#084,#084,臭臭花,草/毒,叶绿素,恶臭,杂草宝可梦,0.8m,8.6kg,120,"['60', '65', '70', '85', '75', '40', '395']"
#045,#085,#085,霸王花,草/毒,叶绿素,孢子,花宝可梦,1.2m,18.6kg,45,"['75', '80', '85', '110', '90', '50', '490']"
#182,#086,#086,美丽花,草,叶绿素,治愈之心,花宝可梦,0.4m,5.8kg,45,"['75', '80', '95', '90', '100', '50', '490']"
#096,#087,#087,催眠貘,超能力,预知梦/不眠,精神力,催眠宝可梦,1.0m,32.4kg,190,"['60', '48', '45', '43', '90', '42', '328']"
#097,#088,#088,引梦貘人,超能力,预知梦/不眠,精神力,催眠宝可梦,1.6m,75.6kg,75,"['85', '73', '70', '73', '115', '67', '483']"
#063,#089,#089,凯西,超能力,同步/精神力,魔法防守,念力宝可梦,0.9m,19.5kg,200,"['25', '20', '15', '105', '55', '90', '310']"
#064,#090,#090,勇基拉,超能力,同步/精神力,魔法防守,念力宝可梦,1.3m,56.5kg,100,"['40', '35', '30', '120', '70', '105', '400']"
#065,#091,#091,胡地,超能力,同步/精神力,魔法防守,念力宝可梦,1.5m,48.0kg,50,"['55', '50', '45', '135', '95', '120', '500']"
#132,#092,#092,百变怪,一般,柔软,变身者,变身宝可梦,0.3m,4.0kg,35,"['48', '48', '48', '48', '48', '48', '288']"
#204,#093,#093,榛果球,虫,结实,防尘,蓑衣虫宝可梦,0.6m,7.2kg,190,"['50', '65', '90', '35', '35', '15', '290']"
#205,#094,#094,佛烈托斯,虫/钢,结实,防尘,蓑衣虫宝可梦,1.2m,125.8kg,75,"['75', '90', '140', '60', '60', '40', '465']"
#029,#095,#095,尼多兰,毒,斗争心/毒刺,活力,毒针宝可梦,0.4m,7.0kg,235,"['55', '47', '52', '40', '40', '41', '275']"
#030,#096,#096,尼多娜,毒,斗争心/毒刺,活力,毒针宝可梦,0.8m,20.0kg,120,"['70', '62', '67', '55', '55', '56', '365']"
#031,#097,#097,尼多后,毒/地面,斗争心/毒刺,强行,钻锥宝可梦,1.3m,60.0kg,45,"['90', '92', '87', '75', '85', '76', '505']"
#032,#098,#098,尼多朗,毒,斗争心/毒刺,活力,毒针宝可梦,0.5m,9.0kg,235,"['46', '57', '40', '40', '40', '50', '273']"
#033,#099,#099,尼多力诺,毒,斗争心/毒刺,活力,毒针宝可梦,0.9m,19.5kg,120,"['61', '72', '57', '55', '55', '65', '365']"
#034,#100,#100,尼多王,毒/地面,斗争心/毒刺,强行,钻锥宝可梦,1.4m,62.0kg,45,"['81', '102', '77', '85', '75', '85', '505']"
#193,#101,#101,蜻蜻蜓,虫/飞行,加速/复眼,察觉,薄翼宝可梦,1.2m,38.0kg,75,"['65', '65', '45', '75', '45', '95', '390']"
#469,,#102,远古巨蜓,虫/飞行,加速/有色眼镜,察觉,勾蜓宝可梦,1.9m,51.5kg,30,"['86', '76', '86', '116', '56', '95', '515']"
#191,#102,#103,向日种子,草,叶绿素/太阳之力,早起,种子宝可梦,0.3m,1.8kg,235,"['30', '30', '30', '30', '30', '30', '180']"
#192,#103,#104,向日花怪,草,叶绿素/太阳之力,早起,太阳宝可梦,0.8m,8.5kg,120,"['75', '75', '55', '105', '85', '30', '425']"
#102,#104,#105,蛋蛋,草/超能力,叶绿素,收获,蛋宝可梦,0.4m,2.5kg,90,"['60', '40', '80', '60', '45', '40', '325']"
#103,#105,#106,椰蛋树,草/超能力,叶绿素,收获,椰子宝可梦,2.0m,120.0kg,45,"['95', '95', '85', '125', '75', '55', '530']"
#185,#106,#107,树才怪,岩石,坚硬脑袋/结实,胆怯,模仿宝可梦,1.2m,38.0kg,65,"['70', '100', '115', '30', '65', '30', '410']"
#202,#107,#108,果然翁,超能力,踩影,心灵感应,忍耐宝可梦,1.3m,28.5kg,45,"['190', '33', '58', '33', '58', '33', '405']"
#048,#108,#109,毛球,虫/毒,有色眼镜/复眼,逃跑,昆虫宝可梦,1.0m,30.0kg,190,"['60', '55', '50', '40', '55', '45', '305']"
#049,#109,#110,摩鲁蛾,虫/毒,鳞粉/有色眼镜,奇迹皮肤,毒蛾宝可梦,1.5m,12.5kg,75,"['70', '65', '60', '90', '75', '90', '450']"
#123,#110,#111,飞天螳螂,虫/飞行,技术高手/蟲之預感,不屈之心,螳螂宝可梦,1.5m,56.0kg,45,"['70', '110', '80', '55', '80', '105', '500']"
#212,#111,#112,巨钳螳螂,虫/钢,技术高手/蟲之預感,轻金属,钳子宝可梦,1.8m,118.0kg,25,"['70', '130', '100', '55', '80', '65', '500']"
#127,#112,#113,凯罗斯,虫,破格/怪力钳,自信过度,锹形虫宝可梦,1.5m,55.0kg,45,"['65', '125', '100', '55', '70', '85', '500']"
#214,#113,#114,赫拉克罗斯,虫/格斗,毅力/蟲之預感,自信过度,独角宝可梦,1.5m,54.0kg,45,"['80', '125', '75', '40', '95', '85', '500']"
#109,#114,#115,瓦斯弹,毒,化学变化气体/飘浮,恶臭,毒气宝可梦,0.6m,1.0kg,190,"['40', '65', '95', '60', '45', '35', '340']"
#110,#115,#116,双弹瓦斯,毒,化学变化气体/飘浮,恶臭,毒气宝可梦,1.2m,9.5kg,60,"['65', '90', '120', '85', '70', '60', '490']"
#088,#116,#117,臭泥,毒,黏着/恶臭,毒手,污泥宝可梦,0.9m,30.0kg,190,"['80', '80', '50', '40', '50', '25', '325']"
#089,#117,#118,臭臭泥,毒,黏着/恶臭,毒手,污泥宝可梦,1.2m,30.0kg,75,"['105', '105', '75', '65', '100', '50', '500']"
#081,#118,#119,小磁怪,电/钢,结实/磁力,分析,磁铁宝可梦,0.3m,6.0kg,190,"['25', '35', '70', '95', '55', '45', '325']"
#082,#119,#120,三合一磁怪,电/钢,结实/磁力,分析,磁铁宝可梦,1.0m,60.0kg,60,"['50', '60', '95', '120', '70', '70', '465']"
#100,#120,#121,霹雳电球,电,隔音/静电,引爆,球宝可梦,0.5m,10.4kg,190,"['40', '30', '50', '55', '55', '100', '330']"
#101,#121,#122,顽皮雷弹,电,隔音/静电,引爆,球宝可梦,1.2m,66.6kg,60,"['60', '50', '70', '80', '80', '150', '490']"
#190,#122,#123,长尾怪手,一般,逃跑/捡拾,连续攻击,长尾宝可梦,0.8m,11.5kg,45,"['55', '70', '55', '40', '55', '85', '360']"
#424,,#124,双尾怪手,一般,技术高手/捡拾,连续攻击,长尾宝可梦,1.2m,20.3kg,45,"['75', '100', '66', '60', '66', '115', '482']"
#209,#123,#125,布鲁,一般,逃跑/威吓,胆怯,妖精宝可梦,0.6m,7.8kg,190,"['60', '80', '50', '40', '40', '30', '300']"
#210,#124,#126,布鲁皇,一般,威吓/飞毛腿,胆怯,妖精宝可梦,1.4m,48.7kg,75,"['90', '120', '75', '60', '60', '45', '450']"
#037,#125,#127,六尾,火,引火,日照,狐狸宝可梦,0.6m,9.9kg,190,"['38', '41', '40', '50', '65', '65', '299']"
#038,#126,#128,九尾,火,引火,日照,狐狸宝可梦,1.1m,19.9kg,75,"['73', '76', '75', '81', '100', '100', '505']"
#058,#127,#129,卡蒂狗,火,威吓/引火,正义之心,小狗宝可梦,0.7m,19.0kg,190,"['55', '70', '45', '70', '50', '60', '350']"
#059,#128,#130,风速狗,火,威吓/引火,正义之心,传说宝可梦,1.9m,155.0kg,75,"['90', '110', '80', '100', '80', '95', '555']"
#234,#129,#131,惊角鹿,一般,察觉/威吓,食草,大角宝可梦,1.4m,71.2kg,45,"['73', '95', '62', '85', '65', '85', '465']"
#183,#130,#132,玛力露,水,厚脂肪/大力士,食草,水鼠宝可梦,0.4m,8.5kg,190,"['70', '20', '50', '20', '50', '40', '250']"
#184,#131,#133,玛力露丽,水,厚脂肪/大力士,食草,水兔宝可梦,0.8m,28.5kg,75,"['100', '50', '80', '60', '80', '50', '420']"
#050,#132,#134,地鼠,地面,沙穴/沙隐,沙之力,鼹鼠宝可梦,0.2m,0.8kg,255,"['10', '55', '25', '35', '45', '95', '265']"
#051,#133,#135,三地鼠,地面,沙穴/沙隐,沙之力,鼹鼠宝可梦,0.7m,33.3kg,50,"['35', '100', '50', '50', '70', '120', '425']"
#056,#134,#136,猴怪,格斗,干劲/愤怒穴位,不服输,猪猴宝可梦,0.5m,28.0kg,190,"['40', '80', '35', '35', '45', '70', '305']"
#057,#135,#137,火暴猴,格斗,干劲/愤怒穴位,不服输,豬猴宝可梦,1.0m,32.0kg,75,"['65', '105', '60', '60', '70', '95', '455']"
#052,#136,#138,喵喵,一般,技术高手/捡拾,紧张感,妖怪猫宝可梦,0.4m,4.2kg,255,"['40', '45', '35', '40', '40', '90', '290']"
#053,#137,#139,猫老大,一般,柔软/技术高手,紧张感,暹罗猫宝可梦,1.0m,32.0kg,90,"['65', '70', '60', '65', '65', '115', '440']"
#054,#138,#140,可达鸭,水,湿气/无关天气,悠游自如,鸭宝可梦,0.8m,19.6kg,190,"['50', '52', '48', '65', '50', '55', '320']"
#055,#139,#141,哥达鸭,水,湿气/无关天气,悠游自如,鸭宝可梦,1.7m,76.6kg,75,"['80', '82', '78', '95', '80', '85', '500']"
#066,#140,#142,腕力,格斗,毅力/无防守,不屈之心,怪力宝可梦,0.8m,19.5kg,180,"['70', '80', '50', '35', '35', '35', '305']"
#067,#141,#143,豪力,格斗,毅力/无防守,不屈之心,怪力宝可梦,1.5m,70.5kg,90,"['80', '100', '70', '50', '60', '45', '405']"
#068,#142,#144,怪力,格斗,毅力/无防守,不屈之心,怪力宝可梦,1.6m,130.0kg,45,"['90', '130', '80', '65', '85', '55', '505']"
#236,#143,#145,无畏小子,格斗,毅力/不屈之心,干劲,打斗宝可梦,0.7m,21.0kg,75,"['35', '35', '35', '35', '35', '35', '210']"
#106,#144,#146,飞腿郎,格斗,柔软/舍身,轻装,踢腿宝可梦,1.5m,49.8kg,45,"['50', '120', '53', '35', '110', '87', '455']"
#107,#145,#147,快拳郎,格斗,铁拳/锐利目光,精神力,拳击宝可梦,1.4m,50.2kg,45,"['50', '105', '79', '35', '110', '76', '455']"
#237,#146,#148,战舞郎,格斗,技术高手/威吓,不屈之心,倒立宝可梦,1.4m,48.0kg,45,"['50', '95', '95', '35', '110', '70', '455']"
#203,#147,#149,麒麟奇,一般/超能力,精神力/早起,食草,长颈宝可梦,1.5m,41.5kg,60,"['70', '80', '65', '90', '65', '85', '455']"
#128,#148,#150,肯泰罗,一般,威吓/愤怒穴位,强行,暴牛宝可梦,1.4m,88.4kg,45,"['75', '100', '95', '40', '70', '110', '490']"
#241,#149,#151,大奶罐,一般,胆量/厚脂肪,食草,奶牛宝可梦,1.2m,75.5kg,45,"['95', '80', '105', '40', '70', '100', '490']"
#240,#150,#152,鸭嘴宝宝,火,火焰之躯,干劲,火种宝可梦,0.7m,21.4kg,45,"['45', '75', '37', '70', '55', '83', '365']"
#126,#151,#153,鸭嘴火兽,火,火焰之躯,干劲,吐火宝可梦,1.3m,44.5kg,45,"['65', '95', '57', '100', '85', '93', '495']"
#238,#152,#154,迷唇娃,冰/超能力,预知梦/迟钝,湿润之躯,亲吻宝可梦,0.4m,6.0kg,45,"['45', '30', '15', '85', '65', '65', '305']"
#124,#153,#155,迷唇姐,冰/超能力,预知梦/迟钝,干燥皮肤,人形宝可梦,1.4m,40.6kg,45,"['65', '50', '35', '115', '95', '95', '455']"
#239,#154,#156,电击怪,电,静电,干劲,电气宝可梦,0.6m,23.5kg,45,"['45', '63', '37', '65', '55', '95', '360']"
#125,#155,#157,电击兽,电,静电,干劲,电击宝可梦,1.1m,30.0kg,45,"['65', '83', '57', '95', '85', '105', '490']"
#122,#156,#158,魔墙人偶,超能力,隔音/过滤,技术高手,屏障宝可梦,1.3m,54.5kg,45,"['40', '45', '65', '100', '120', '90', '460']"
#235,#157,#159,图图犬,一般,技术高手/我行我素,心情不定,画画宝可梦,1.2m,58.0kg,45,"['55', '20', '35', '20', '45', '75', '250']"
#083,#158,#160,大葱鸭,一般/飞行,精神力/锐利目光,不服输,黄嘴鸭宝可梦,0.8m,15.0kg,45,"['52', '90', '55', '58', '62', '60', '377']"
#177,#159,#161,天然雀,超能力/飞行,同步/早起,魔法镜,小鸟宝可梦,0.2m,2.0kg,190,"['40', '50', '45', '70', '45', '70', '320']"
#178,#160,#162,天然鸟,超能力/飞行,同步/早起,魔法镜,神秘宝可梦,1.5m,15.0kg,75,"['65', '75', '70', '95', '70', '95', '470']"
#211,#161,#163,千针鱼,水/毒,悠游自如/毒刺,威吓,气球宝可梦,0.5m,3.9kg,45,"['65', '95', '85', '55', '55', '85', '440']"
#072,#162,#164,玛瑙水母,水/毒,污泥浆/恒净之躯,雨盘,水母宝可梦,0.9m,45.5kg,190,"['40', '40', '35', '50', '100', '70', '335']"
#073,#163,#165,毒刺水母,水/毒,污泥浆/恒净之躯,雨盘,水母宝可梦,1.6m,55.0kg,60,"['80', '70', '65', '80', '120', '100', '515']"
#098,#164,#166,大钳蟹,水,硬壳盔甲/怪力钳,强行,清水蟹宝可梦,0.4m,6.5kg,225,"['30', '105', '90', '25', '25', '50', '325']"
#099,#165,#167,巨钳蟹,水,硬壳盔甲/怪力钳,强行,钳子宝可梦,1.3m,60.0kg,60,"['55', '130', '115', '50', '50', '75', '475']"
#213,#166,#168,壶壶,虫/岩石,贪吃鬼/结实,唱反调,发酵宝可梦,0.6m,20.5kg,190,"['20', '10', '230', '10', '230', '5', '505']"
#120,#167,#169,海星星,水,发光/自然回复,分析,星形宝可梦,0.8m,34.5kg,225,"['30', '45', '55', '70', '55', '85', '340']"
#121,#168,#170,宝石海星,水/超能力,发光/自然回复,分析,谜宝可梦,1.1m,80.0kg,60,"['60', '75', '85', '100', '85', '115', '520']"
#090,#169,#171,大舌贝,水,连续攻击/硬壳盔甲,防尘,双壳贝宝可梦,0.3m,4.0kg,190,"['30', '65', '100', '45', '25', '40', '305']"
#091,#170,#172,刺甲贝,水/冰,连续攻击/硬壳盔甲,防尘,双壳贝宝可梦,1.5m,132.5kg,60,"['50', '95', '180', '85', '45', '70', '525']"
#222,#171,#173,太阳珊瑚,水/岩石,自然回复/活力,再生力,珊瑚宝可梦,0.6m,5.0kg,60,"['65', '55', '95', '65', '95', '35', '410']"
#223,#172,#174,铁炮鱼,水,活力/狙击手,心情不定,喷射宝可梦,0.6m,12.0kg,190,"['35', '65', '35', '65', '35', '65', '300']"
#224,#173,#175,章鱼桶,水,吸盘/狙击手,心情不定,喷射宝可梦,0.9m,28.5kg,75,"['75', '105', '75', '105', '75', '45', '480']"
#170,#174,#176,灯笼鱼,水/电,蓄电/发光,储水,琵琶鱼宝可梦,0.5m,12.0kg,190,"['75', '38', '38', '56', '56', '67', '330']"
#171,#175,#177,电灯怪,水/电,蓄电/发光,储水,灯宝可梦,1.2m,22.5kg,75,"['125', '58', '58', '76', '76', '67', '460']"
#086,#176,#178,小海狮,水,湿润之躯/厚脂肪,冰冻之躯,海狮宝可梦,1.1m,90.0kg,190,"['65', '45', '55', '45', '70', '45', '325']"
#087,#177,#179,白海狮,水/冰,湿润之躯/厚脂肪,冰冻之躯,海狮宝可梦,1.7m,120.0kg,75,"['90', '70', '80', '70', '95', '70', '475']"
#108,#178,#180,大舌头,一般,我行我素/迟钝,无关天气,舔舔宝可梦,1.2m,65.5kg,45,"['90', '55', '75', '60', '75', '30', '385']"
#463,,#181,大舌舔,一般,我行我素/迟钝,无关天气,舔舔宝可梦,1.7m,140.0kg,30,"['110', '85', '95', '80', '95', '50', '515']"
#114,#179,#182,蔓藤怪,草,叶绿素/叶子防守,再生力,藤蔓状宝可梦,1.0m,35.0kg,45,"['65', '55', '115', '100', '40', '60', '435']"
#465,,#183,巨蔓藤,草,叶绿素/叶子防守,再生力,藤蔓状宝可梦,2.0m,128.6kg,30,"['100', '100', '125', '110', '50', '50', '535']"
#133,#180,#184,伊布,一般,适应力/逃跑,危险预知,进化宝可梦,0.3m,6.5kg,45,"['55', '55', '50', '45', '65', '55', '325']"
#134,#181,#185,水伊布,水,储水,湿润之躯,吐泡宝可梦,1.0m,29.0kg,45,"['130', '65', '60', '110', '95', '65', '525']"
#135,#182,#186,雷伊布,电,蓄电,飞毛腿,雷宝可梦,0.8m,24.5kg,45,"['65', '65', '60', '110', '95', '130', '525']"
#136,#183,#187,火伊布,火,引火,毅力,火宝可梦,0.9m,25.0kg,45,"['65', '130', '60', '95', '110', '65', '525']"
#196,#184,#188,太阳伊布,超能力,同步,魔法镜,太阳宝可梦,0.9m,26.5kg,45,"['65', '65', '60', '130', '95', '110', '525']"
#197,#185,#189,月亮伊布,惡,同步,精神力,月光宝可梦,1.0m,27.0kg,45,"['95', '65', '110', '60', '130', '65', '525']"
#116,#186,#190,墨海马,水,悠游自如/狙击手,湿气,龙宝可梦,0.4m,8.0kg,225,"['30', '40', '70', '70', '25', '60', '295']"
#117,#187,#191,海刺龙,水,毒刺/狙击手,湿气,龙宝可梦,1.2m,25.0kg,75,"['55', '65', '95', '95', '45', '85', '440']"
#230,#188,#192,刺龙王,水/龙,悠游自如/狙击手,湿气,龙宝可梦,1.8m,152.0kg,45,"['75', '95', '95', '95', '95', '85', '540']"
#207,#189,#193,天蝎,地面/飞行,沙隐/怪力钳,免疫,飞蝎宝可梦,1.1m,64.8kg,60,"['65', '75', '105', '35', '65', '85', '430']"
#225,#190,#194,信使鸟,冰/飞行,干劲/活力,不眠,搬运宝可梦,0.9m,16.0kg,45,"['45', '55', '45', '65', '45', '75', '330']"
#220,#191,#195,小山猪,冰/地面,雪隐/迟钝,厚脂肪,小猪宝可梦,0.4m,6.5kg,225,"['50', '50', '40', '30', '30', '50', '250']"
#221,#192,#196,长毛猪,冰/地面,雪隐/迟钝,厚脂肪,野猪宝可梦,1.1m,55.8kg,75,"['100', '100', '80', '60', '60', '50', '450']"
#473,,#197,象牙猪,冰/地面,雪隐/迟钝,厚脂肪,双牙宝可梦,2.5m,291.0kg,50,"['110', '130', '80', '70', '60', '80', '530']"
#216,#193,#198,熊宝宝,一般,捡拾/飞毛腿,采蜜,小熊宝可梦,0.6m,8.8kg,120,"['60', '80', '50', '50', '50', '40', '330']"
#217,#194,#199,圈圈熊,一般,毅力/飞毛腿,紧张感,冬眠宝可梦,1.8m,125.8kg,60,"['90', '130', '75', '75', '75', '55', '500']"
#231,#195,#200,小小象,地面,捡拾,沙隐,长鼻宝可梦,0.5m,33.5kg,120,"['90', '60', '60', '40', '40', '40', '330']"
#232,#196,#201,顿甲,地面,结实,沙隐,铠甲宝可梦,1.1m,120.0kg,60,"['90', '120', '120', '60', '60', '50', '500']"
#226,#197,#202,巨翅飞鱼,水/飞行,悠游自如/储水,水幕,风筝宝可梦,2.1m,220.0kg,25,"['85', '40', '70', '80', '140', '70', '485']"
#227,#198,#203,盔甲鸟,钢/飞行,结实/锐利目光,碎裂铠甲,钢甲鸟宝可梦,1.7m,50.5kg,25,"['65', '80', '140', '40', '70', '70', '465']"
#084,#199,#204,嘟嘟,一般/飞行,逃跑/早起,蹒跚,两头鸟宝可梦,1.4m,39.2kg,190,"['35', '85', '45', '35', '35', '75', '310']"
#085,#200,#205,嘟嘟利,一般/飞行,逃跑/早起,蹒跚,三头鸟宝可梦,1.8m,85.2kg,45,"['60', '110', '70', '60', '60', '110', '470']"
#077,#201,#206,小火马,火,逃跑/引火,火焰之躯,火马宝可梦,1.0m,30.0kg,190,"['50', '85', '55', '65', '65', '90', '410']"
#078,#202,#207,烈焰马,火,逃跑/引火,火焰之躯,火马宝可梦,1.7m,95.0kg,60,"['65', '100', '70', '80', '80', '105', '500']"
#104,#203,#208,卡拉卡拉,地面,坚硬脑袋/避雷针,战斗盔甲,孤独宝可梦,0.4m,6.5kg,190,"['50', '50', '95', '40', '50', '35', '320']"
#105,#204,#209,嘎啦嘎啦,地面,坚硬脑袋/避雷针,战斗盔甲,爱骨宝可梦,1.0m,45.0kg,75,"['60', '80', '110', '50', '80', '45', '425']"
#115,#205,#210,袋兽,一般,胆量/早起,精神力,亲子宝可梦,2.2m,80.0kg,45,"['105', '95', '80', '40', '80', '90', '490']"
#111,#206,#211,独角犀牛,地面/岩石,坚硬脑袋/避雷针,舍身,尖尖宝可梦,1.0m,115.0kg,120,"['80', '85', '95', '30', '30', '25', '345']"
#112,#207,#212,钻角犀兽,地面/岩石,坚硬脑袋/避雷针,舍身,钻锥宝可梦,1.9m,120.0kg,60,"['105', '130', '120', '45', '45', '40', '485']"
#198,#208,#213,黑暗鸦,惡/飞行,不眠/超幸运,恶作剧之心,黑暗宝可梦,0.5m,2.1kg,30,"['60', '85', '42', '85', '42', '91', '405']"
#228,#209,#214,戴鲁比,惡/火,引火/早起,紧张感,阴暗宝可梦,0.6m,10.8kg,120,"['45', '60', '30', '80', '50', '65', '330']"
#229,#210,#215,黑鲁加,惡/火,引火/早起,紧张感,阴暗宝可梦,1.4m,35.0kg,45,"['75', '90', '50', '110', '80', '95', '500']"
#218,#211,#216,熔岩虫,火,熔岩铠甲/火焰之躯,碎裂铠甲,熔岩宝可梦,0.7m,35.0kg,190,"['40', '40', '40', '70', '40', '20', '250']"
#219,#212,#217,熔岩蜗牛,火/岩石,熔岩铠甲/火焰之躯,碎裂铠甲,熔岩宝可梦,0.8m,55.0kg,75,"['60', '50', '120', '90', '80', '30', '430']"
#215,#213,#218,狃拉,惡/冰,精神力/锐利目光,顺手牵羊,钩爪宝可梦,0.9m,28.0kg,60,"['55', '95', '55', '35', '75', '115', '430']"
#200,#214,#219,梦妖,幽灵,飘浮,,夜啼宝可梦,0.7m,1.0kg,45,"['60', '60', '60', '85', '85', '85', '435']"
#137,#215,#220,多边兽,一般,复制/下载,分析,虚拟宝可梦,0.8m,36.5kg,45,"['65', '60', '70', '85', '75', '40', '395']"
#233,#216,#221,多边兽Ⅱ,一般,复制/下载,分析,虚拟宝可梦,0.6m,32.5kg,45,"['85', '80', '90', '105', '95', '60', '515']"
#113,#217,#222,吉利蛋,一般,自然回复/天恩,治愈之心,蛋宝可梦,1.1m,34.6kg,30,"['250', '5', '5', '35', '105', '50', '450']"
#242,#218,#223,幸福蛋,一般,自然回复/天恩,治愈之心,幸福宝可梦,1.5m,46.8kg,30,"['255', '10', '10', '75', '135', '55', '540']"
#131,#219,#224,拉普拉斯,水/冰,硬壳盔甲/储水,湿润之躯,乘载宝可梦,2.5m,220.0kg,45,"['130', '85', '80', '85', '95', '60', '535']"
#138,#220,#225,菊石兽,岩石/水,悠游自如/硬壳盔甲,碎裂铠甲,漩涡宝可梦,0.4m,7.5kg,45,"['35', '40', '100', '90', '55', '35', '355']"
#139,#221,#226,多刺菊石兽,岩石/水,悠游自如/硬壳盔甲,碎裂铠甲,漩涡宝可梦,1.0m,35.0kg,45,"['70', '60', '125', '115', '70', '55', '495']"
#140,#222,#227,化石盔,岩石/水,悠游自如/战斗盔甲,碎裂铠甲,甲壳宝可梦,0.5m,11.5kg,45,"['30', '80', '90', '55', '45', '55', '355']"
#141,#223,#228,镰刀盔,岩石/水,悠游自如/战斗盔甲,碎裂铠甲,甲壳宝可梦,1.3m,40.5kg,45,"['60', '115', '105', '65', '70', '80', '495']"
#142,#224,#229,化石翼龙,岩石/飞行,坚硬脑袋/压迫感,紧张感,化石宝可梦,1.8m,59.0kg,45,"['80', '105', '65', '60', '75', '130', '515']"
#143,#225,#230,卡比兽,一般,免疫/厚脂肪,贪吃鬼,瞌睡宝可梦,2.1m,460.0kg,25,"['160', '110', '65', '65', '110', '30', '540']"
#001,#226,#231,妙蛙种子,草/毒,茂盛,叶绿素,种子宝可梦,0.7m,6.9kg,45,"['45', '49', '49', '65', '65', '45', '318']"
#002,#227,#232,妙蛙草,草/毒,茂盛,叶绿素,种子宝可梦,1.0m,13.0kg,45,"['60', '62', '63', '80', '80', '60', '405']"
#003,#228,#233,妙蛙花,草/毒,茂盛,叶绿素,种子宝可梦,2.0m,100.0kg,45,"['80', '82', '83', '100', '100', '80', '525']"
#004,#229,#234,小火龙,火,猛火,太阳之力,蜥蜴宝可梦,0.6m,8.5kg,45,"['39', '52', '43', '60', '50', '65', '309']"
#005,#230,#235,火恐龙,火,猛火,太阳之力,火焰宝可梦,1.1m,19.0kg,45,"['58', '64', '58', '80', '65', '80', '405']"
#006,#231,#236,喷火龙,火/飞行,猛火,太阳之力,火焰宝可梦,1.7m,90.5kg,45,"['78', '84', '78', '109', '85', '100', '534']"
#007,#232,#237,杰尼龟,水,激流,雨盘,小龟宝可梦,0.5m,9.0kg,45,"['44', '48', '65', '50', '64', '43', '314']"
#008,#233,#238,卡咪龟,水,激流,雨盘,龟宝可梦,1.0m,22.5kg,45,"['59', '63', '80', '65', '80', '58', '405']"
#009,#234,#239,水箭龟,水,激流,雨盘,甲壳宝可梦,1.6m,85.5kg,45,"['79', '83', '100', '85', '105', '78', '530']"
#144,#235,#240,急冻鸟,冰/飞行,压迫感,雪隐,冰冻宝可梦,1.7m,55.4kg,3,"['90', '85', '100', '95', '125', '85', '580']"
#145,#236,#241,闪电鸟,电/飞行,压迫感,静电,电击宝可梦,1.6m,52.6kg,3,"['90', '90', '85', '125', '90', '100', '580']"
#146,#237,#242,火焰鸟,火/飞行,压迫感,火焰之躯,火焰宝可梦,2.0m,60.0kg,3,"['90', '100', '90', '125', '85', '90', '580']"
#243,#238,#243,雷公,电,压迫感,精神力,天雷宝可梦,1.9m,178.0kg,3,"['90', '85', '75', '115', '100', '115', '580']"
#244,#239,#244,炎帝,火,压迫感,精神力,火山宝可梦,2.1m,198.0kg,3,"['115', '115', '85', '90', '75', '100', '580']"
#245,#240,#245,水君,水,压迫感,精神力,极光宝可梦,2.0m,187.0kg,3,"['100', '75', '115', '90', '115', '85', '580']"
#147,#241,#246,迷你龙,龙,蜕皮,神奇鱗片,龙宝可梦,1.8m,3.3kg,45,"['41', '64', '45', '50', '50', '50', '300']"
#148,#242,#247,哈克龙,龙,蜕皮,神奇鱗片,龙宝可梦,4.0m,16.5kg,45,"['61', '84', '65', '70', '70', '70', '420']"
#149,#243,#248,快龙,龙/飞行,精神力,多重鳞片,龙宝可梦,2.2m,210.0kg,45,"['91', '134', '95', '100', '100', '80', '600']"
#246,#244,#249,幼基拉斯,岩石/地面,毅力,沙隐,岩石肤宝可梦,0.6m,72.0kg,45,"['50', '64', '50', '45', '50', '41', '300']"
#247,#245,#250,沙基拉斯,岩石/地面,蜕皮,,子弹宝可梦,1.2m,152.0kg,45,"['70', '84', '70', '65', '70', '51', '410']"
#248,#246,#251,班基拉斯,岩石/惡,扬沙,紧张感,铠甲宝可梦,2.0m,202.0kg,45,"['100', '134', '110', '95', '100', '61', '600']"
#249,#247,#252,洛奇亚,超能力/飞行,压迫感,多重鳞片,潜水宝可梦,5.2m,216.0kg,3,"['106', '90', '130', '90', '154', '110', '680']"
#250,#248,#253,凤王,火/飞行,压迫感,再生力,虹色宝可梦,3.8m,199.0kg,3,"['106', '130', '90', '110', '154', '90', '680']"
#150,#249,#254,超梦,超能力,压迫感,紧张感,基因宝可梦,2.0m,122.0kg,3,"['106', '110', '90', '154', '90', '130', '680']"
#151,#250,#255,梦幻,超能力,同步,,新种宝可梦,0.4m,4.0kg,45,"['100', '100', '100', '100', '100', '100', '600']"
#251,#251,#256,时拉比,超能力/草,自然回复,,时空穿越宝可梦,0.6m,5.0kg,45,"['100', '100', '100', '100', '100', '100', '600']"
