排名,词条,状态,类型,热度,网址
1,曾志伟郝蕾起争执,新,综艺,761756,https://s.weibo.com/weibo?q=曾志伟郝蕾起争执
2,吴镇宇问金莎愿意和男友演母子吗,热,综艺,738010,https://s.weibo.com/weibo?q=吴镇宇问金莎愿意和男友演母子吗
3,李瑞镇潜水分手,新,艺人,646794,https://s.weibo.com/weibo?q=李瑞镇潜水分手
4,赵昭仪李晋晔在录恋综吗,新,综艺,611987,https://s.weibo.com/weibo?q=赵昭仪李晋晔在录恋综吗
5,李瑞镇前女友爆料,新,艺人,583877,https://s.weibo.com/weibo?q=李瑞镇前女友爆料
6,纪凌尘 你喜欢大海我爱过你很浪漫,热,综艺,486941,https://s.weibo.com/weibo?q=纪凌尘 你喜欢大海我爱过你很浪漫
7,穿Prada的女魔头卡司重聚,新,电影,390266,https://s.weibo.com/weibo?q=穿Prada的女魔头卡司重聚
8,纪凌尘大海说,新,综艺,345535,https://s.weibo.com/weibo?q=纪凌尘大海说
9,赵丽颖抽到了沈腾的年货大礼包,热,电影,319360,https://s.weibo.com/weibo?q=赵丽颖抽到了沈腾的年货大礼包
10,许肖博玺,普通,综艺,258967,https://s.weibo.com/weibo?q=许肖博玺
11,朱梓骁说直播带货才是后路,普通,综艺,257707,https://s.weibo.com/weibo?q=朱梓骁说直播带货才是后路
12,黄晓明说陈梦你真的很棒,普通,"体育,艺人",227138,https://s.weibo.com/weibo?q=黄晓明说陈梦你真的很棒
13,面试判官吴镇宇,新,综艺,218549,https://s.weibo.com/weibo?q=面试判官吴镇宇
14,湖南卫视打错童宇名字,新,综艺,199134,https://s.weibo.com/weibo?q=湖南卫视打错童宇名字
15,演员工会奖获奖名单,新,电影,190733,https://s.weibo.com/weibo?q=演员工会奖获奖名单
16,横店悬崖,热,"社会新闻,艺人",180877,https://s.weibo.com/weibo?q=横店悬崖
17,双北,新,综艺,172512,https://s.weibo.com/weibo?q=双北
18,戚薇后脑勺被妈妈用书睡平,热,艺人,149617,https://s.weibo.com/weibo?q=戚薇后脑勺被妈妈用书睡平
19,黄龄演繁花曾被换角,普通,剧集,146750,https://s.weibo.com/weibo?q=黄龄演繁花曾被换角
20,恩静又打架了,普通,艺人,130675,https://s.weibo.com/weibo?q=恩静又打架了
21,张大大再爆改,新,艺人,128035,https://s.weibo.com/weibo?q=张大大再爆改
22,于适煮柿子汤圆,普通,艺人,119869,https://s.weibo.com/weibo?q=于适煮柿子汤圆
23,黄旭熙纪录片,新,艺人,116921,https://s.weibo.com/weibo?q=黄旭熙纪录片
24,宋亚轩笑场,普通,综艺,98404,https://s.weibo.com/weibo?q=宋亚轩笑场
25,侃爷米兰,普通,作品衍生,95419,https://s.weibo.com/weibo?q=侃爷米兰
26,高海宁十五年都没等到专属柜子,新,综艺,94993,https://s.weibo.com/weibo?q=高海宁十五年都没等到专属柜子
27,李健的中式浪漫,新,演出,89697,https://s.weibo.com/weibo?q=李健的中式浪漫
28,刘惜君新中式红裙,普通,作品衍生,88007,https://s.weibo.com/weibo?q=刘惜君新中式红裙
29,你把长沙的充电桩带回来了,普通,综艺,71654,https://s.weibo.com/weibo?q=你把长沙的充电桩带回来了
30,张杰拍的月亮,普通,艺人,69962,https://s.weibo.com/weibo?q=张杰拍的月亮
31,何炅说一号厅很亲切很温暖,新,综艺,69845,https://s.weibo.com/weibo?q=何炅说一号厅很亲切很温暖
32,2024美国演员工会奖颁奖典礼,新,综艺,68477,https://s.weibo.com/weibo?q=2024美国演员工会奖颁奖典礼
33,吴镇宇说朱梓骁表演功力不够,新,综艺,67794,https://s.weibo.com/weibo?q=吴镇宇说朱梓骁表演功力不够
34,央视元宵晚会主持人合照,新,综艺,66905,https://s.weibo.com/weibo?q=央视元宵晚会主持人合照
35,当事人称自己不是成毅粉丝,新,艺人,65881,https://s.weibo.com/weibo?q=当事人称自己不是成毅粉丝
36,网红杨老二已下葬,普通,"社会新闻,网红",65226,https://s.weibo.com/weibo?q=网红杨老二已下葬
37,丁程鑫直播只做三件事,普通,艺人,64985,https://s.weibo.com/weibo?q=丁程鑫直播只做三件事
38,严浩翔盯镜头,新,综艺,64600,https://s.weibo.com/weibo?q=严浩翔盯镜头
39,艾辰,普通,艺人,60455,https://s.weibo.com/weibo?q=艾辰
40,艾辰安念儿,普通,网红,58901,https://s.weibo.com/weibo?q=艾辰安念儿
41,2024美国演员工会奖红毯,新,综艺,56734,https://s.weibo.com/weibo?q=2024美国演员工会奖红毯
42,张小斐短发自拍,普通,艺人,54288,https://s.weibo.com/weibo?q=张小斐短发自拍
43,何炅工作室发了双北,普通,综艺,41218,https://s.weibo.com/weibo?q=何炅工作室发了双北
44,张颂文镜头下的绝美鱼灯取景于安徽,新,剧集,40914,https://s.weibo.com/weibo?q=张颂文镜头下的绝美鱼灯取景于安徽
45,丁程鑫主播嘴欠大赏,普通,艺人,40493,https://s.weibo.com/weibo?q=丁程鑫主播嘴欠大赏
46,被迪丽热巴小卡支配的一生,普通,艺人,39598,https://s.weibo.com/weibo?q=被迪丽热巴小卡支配的一生
47,上春山 神龙吐水,新,综艺,36336,https://s.weibo.com/weibo?q=上春山 神龙吐水
48,许佳琪柿柿如意妆,普通,"艺人,美妆",36204,https://s.weibo.com/weibo?q=许佳琪柿柿如意妆
49,金道英文佳煐同框,普通,作品衍生,36006,https://s.weibo.com/weibo?q=金道英文佳煐同框
50,炎亚纶好像破防了,新,艺人,35797,https://s.weibo.com/weibo?q=炎亚纶好像破防了
