排名,书籍,封面,作者,时间,时间（无月日）,出版社,评分,评价人数（人）,售价（元）
1,红楼梦,https://img1.doubanio.com/view/subject/s/public/s1070959.jpg,[清] 曹雪芹 著 ,1996-12,1996, 人民文学出版社 ,9.6,414686,59.70
2,活着,https://img1.doubanio.com/view/subject/s/public/s29053580.jpg,余华 ,2012-8-1,2012, 作家出版社 ,9.4,808902,20.00
3,1984,https://img1.doubanio.com/view/subject/s/public/s4371408.jpg,[英] 乔治·奥威尔 ,2010-4-1,2010, 北京十月文艺出版社 ,9.4,276595,28.00
4,哈利·波特,https://img9.doubanio.com/view/subject/s/public/s29101586.jpg,J.K.罗琳 (J.K.Rowling) ,2008-12-1,2008, 人民文学出版社 ,9.7,100055,498.00
5,三体全集,https://img3.doubanio.com/view/subject/s/public/s30016152.jpg,刘慈欣 ,2012-1,2012, 重庆出版社 ,9.5,179082,168.00
6,百年孤独,https://img1.doubanio.com/view/subject/s/public/s27237850.jpg,[哥伦比亚] 加西亚·马尔克斯 ,2011-6,2011, 南海出版公司 ,9.3,415621,39.50
7,飘,https://img1.doubanio.com/view/subject/s/public/s1078958.jpg,[美国] 玛格丽特·米切尔 ,2000-9,2000, 译林出版社 ,9.3,208777,40.00
8,房思琪的初恋乐园,https://img2.doubanio.com/view/subject/s/public/s29651121.jpg,林奕含 ,2018-2,2018, 北京联合出版公司 ,9.2,367833,45.00
9,动物农场,https://img1.doubanio.com/view/subject/s/public/s2347590.jpg,[英] 乔治·奥威尔 ,2007-3,2007, 上海译文出版社 ,9.3,154759,10.00
10,三国演义（全二册）,https://img3.doubanio.com/view/subject/s/public/s1076932.jpg,[明] 罗贯中 ,1998-05,1998, 人民文学出版社 ,9.3,164589,39.50
11,福尔摩斯探案全集（上中下）,https://img1.doubanio.com/view/subject/s/public/s1229240.jpg,[英] 阿·柯南道尔 ,1981-8,1981, 群众出版社 ,9.3,130666,68.00
12,白夜行,https://img1.doubanio.com/view/subject/s/public/s24514468.jpg,[日] 东野圭吾 ,2013-1-1,2013, 南海出版公司 ,9.2,459942,39.50
13,小王子,https://img3.doubanio.com/view/subject/s/public/s1103152.jpg,[法] 圣埃克苏佩里 ,2003-8,2003, 人民文学出版社 ,9.1,744202,22.00
14,安徒生童话故事集,https://img3.doubanio.com/view/subject/s/public/s1034062.jpg,（丹麦）安徒生 ,1997-08,1997, 人民文学出版社 ,9.3,129405,25.00
15,撒哈拉的故事,https://img3.doubanio.com/view/subject/s/public/s1369343.jpg,三毛 ,2003-8,2003, 哈尔滨出版社 ,9.2,168390,15.80
16,天龙八部,https://img9.doubanio.com/view/subject/s/public/s26018275.jpg,金庸 ,1994-5,1994, 生活·读书·新知三联书店 ,9.2,130587,96.00
17,呐喊,https://img9.doubanio.com/view/subject/s/public/s34099286.jpg,鲁迅 ,1973-3,1973, 人民文学出版社 ,9.2,155921,0.36
18,杀死一只知更鸟,https://img3.doubanio.com/view/subject/s/public/s23128183.jpg,[美] 哈珀·李 ,2012-9,2012, 译林出版社 ,9.2,142288,32.00
19,悉达多,https://img1.doubanio.com/view/subject/s/public/s29396368.jpg,[德] 赫尔曼·黑塞 ,2017-1,2017, 天津人民出版社 ,9.3,88616,32.00
20,明朝那些事儿（1-9）,https://img9.doubanio.com/view/subject/s/public/s3745215.jpg,当年明月 ,2009-4,2009, 中国海关出版社 ,9.2,167078,358.20
21,邓小平时代,https://img3.doubanio.com/view/subject/s/public/s24516687.jpg,【美】傅高义 (Ezra.F.Vogel) ,2013-1-18,2013, 生活·读书·新知三联书店 ,9.3,66313,88.00
22,失踪的孩子,https://img1.doubanio.com/view/subject/s/public/s29799269.jpg,[意] 埃莱娜·费兰特 ,2018-7,2018, 人民文学出版社 ,9.2,77164,62.00
23,新名字的故事,https://img9.doubanio.com/view/subject/s/public/s29376146.jpg,[意] 埃莱娜·费兰特 ,2017-4,2017, 人民文学出版社 ,9.2,87686,59.00
24,沉默的大多数,https://img1.doubanio.com/view/subject/s/public/s1447349.jpg,王小波 ,1997-10,1997, 中国青年出版社 ,9.1,148195,27.00
25,中国历代政治得失,https://img9.doubanio.com/view/subject/s/public/s1319205.jpg,钱穆 ,2001,2001, 生活·读书·新知三联书店 ,9.2,69922,12.00
26,野草,https://img2.doubanio.com/view/subject/s/public/s34099301.jpg,鲁迅 ,1973-3,1973, 人民文学出版社 ,9.5,45215,0.20
27,局外人,https://img9.doubanio.com/view/subject/s/public/s4468484.jpg,[法] 阿尔贝·加缪 ,2010-8,2010, 上海译文出版社 ,9.1,231791,22.00
28,人类简史,https://img3.doubanio.com/view/subject/s/public/s27814883.jpg,[以色列] 尤瓦尔·赫拉利 ,2014-11,2014, 中信出版社 ,9.1,195180,68.00
29,平凡的世界（全三部）,https://img2.doubanio.com/view/subject/s/public/s1144911.jpg,路遥 ,2005-1,2005, 人民文学出版社 ,9.0,319422,64.00
30,白鹿原,https://img9.doubanio.com/view/subject/s/public/s28111905.jpg,陈忠实 ,2012-9,2012, 人民文学出版社 ,9.2,102898,39.00
31,乡土中国,https://img1.doubanio.com/view/subject/s/public/s1762210.jpg,费孝通 ,2006-04-01,2006, 上海人民出版社 ,9.2,85679,38.00
32,围城,https://img3.doubanio.com/view/subject/s/public/s1070222.jpg,钱锺书 ,1991-2,1991, 人民文学出版社 ,9.0,442550,19.00
33,笑傲江湖（全四册）,https://img9.doubanio.com/view/subject/s/public/s2157335.jpg,金庸 ,1994-5,1994, 生活·读书·新知三联书店 ,9.1,109849,76.80
34,罗杰疑案,https://img3.doubanio.com/view/subject/s/public/s25814002.jpg,[英] 阿加莎·克里斯蒂 ,2013-3,2013, 新星出版社 ,9.3,68750,28.00
35,我与地坛,https://img1.doubanio.com/view/subject/s/public/s1151479.jpg,史铁生 ,2002-5,2002, 春风文艺出版社 ,9.2,102968,25.00
36,彷徨,https://img3.doubanio.com/view/subject/s/public/s34099293.jpg,鲁迅 ,1973-3,1973, 人民文学出版社 ,9.3,63006,0.37
37,肖申克的救赎,https://img9.doubanio.com/view/subject/s/public/s4007145.jpg,[美] 斯蒂芬·金 ,2006-7,2006, 人民文学出版社 ,9.1,119213,29.90
38,东方快车谋杀案,https://img1.doubanio.com/view/subject/s/public/s1765799.jpg,[英] 阿加莎·克里斯蒂 ,2006-5,2006, 人民文学出版社 ,9.1,136470,18.00
39,献给阿尔吉侬的花束,https://img1.doubanio.com/view/subject/s/public/s28050760.jpg,[美] 丹尼尔·凯斯 ,2015-4,2015, 广西师范大学出版社 ,9.1,100239,36.00
40,基督山伯爵,https://img9.doubanio.com/view/subject/s/public/s3248016.jpg,[法国] 大仲马 ,1991-12-1,1991, 上海译文出版社 ,9.1,127356,43.90
41,许三观卖血记,https://img1.doubanio.com/view/subject/s/public/s24575140.jpg,余华 ,2012-9,2012, 作家出版社 ,9.2,152166,24.00
42,江城,https://img9.doubanio.com/view/subject/s/public/s32271204.jpg,[美] 彼得·海斯勒 ,2012-1,2012, 上海译文出版社 ,9.1,60840,36.00
43,霍乱时期的爱情,https://img3.doubanio.com/view/subject/s/public/s11284102.jpg,[哥伦比亚] 加西亚·马尔克斯 ,2012-9-1,2012, 南海出版公司 ,9.0,278559,39.50
44,卡拉马佐夫兄弟,https://img3.doubanio.com/view/subject/s/public/s28383857.jpg,陀思妥耶夫斯基 (Ф.М.Достоевский) ,2015-2-1,2015, 上海译文出版社 ,9.6,30192,78.00
45,城南旧事,https://img1.doubanio.com/view/subject/s/public/s2654869.jpg,林海音 文 ,2003-7,2003, 中国青年出版社 ,9.1,152980,16.00
46,万历十五年,https://img9.doubanio.com/view/subject/s/public/s1800355.jpg,[美] 黄仁宇 ,1997-5,1997, 生活·读书·新知三联书店 ,9.0,197469,18.00
47,朝花夕拾,https://img1.doubanio.com/view/subject/s/public/s34099290.jpg,鲁迅 ,1973-4,1973, 人民文学出版社 ,9.1,150472,0.25
48,月亮和六便士,https://img1.doubanio.com/view/subject/s/public/s2659208.jpg,[英] 毛姆 ,2006-8,2006, 上海译文出版社 ,9.0,205074,15.00
49,故事新编,https://img3.doubanio.com/view/subject/s/public/s34099297.jpg,鲁迅 ,1973-12-01,1973, 人民文学出版社 ,9.4,41164,0.31
50,艺术的故事,https://img3.doubanio.com/view/subject/s/public/s3219163.jpg,[英] 贡布里希 (Sir E.H.Gombrich) ,2008-04,2008, 广西美术出版社 ,9.5,25497,280.00
51,射雕英雄传,https://img9.doubanio.com/view/subject/s/public/s2157336.jpg,金庸 ,1999-04,1999, 生活·读书·新知三联书店 ,9.1,83899,47.00
52,追风筝的人,https://img1.doubanio.com/view/subject/s/public/s1727290.jpg,[美] 卡勒德·胡赛尼 ,2006-5,2006, 上海人民出版社 ,8.9,785858,29.00
53,厌女,https://img3.doubanio.com/view/subject/s/public/s33797467.jpg,上野千鹤子 ,2015-1,2015, 上海三联书店 ,9.1,76795,28.00
54,寻路中国,https://img1.doubanio.com/view/subject/s/public/s32271209.jpg,[美] 彼得·海斯勒 ,2011-1,2011, 上海译文出版社 ,9.0,55619,33.00
55,置身事内,https://img3.doubanio.com/view/subject/s/public/s33956867.jpg,兰小欢 ,2021-8,2021, 上海人民出版社 ,9.1,71717,65.00
56,刀锋,https://img3.doubanio.com/view/subject/s/public/s2347562.jpg,[英]毛姆 ,2007-3,2007, 上海译文出版社 ,9.0,89033,18.00
57,树上的男爵,https://img9.doubanio.com/view/subject/s/public/s8968135.jpg,[意大利]伊塔洛·卡尔维诺 ,2012-4-1,2012, 译林出版社 ,9.1,57053,30.00
58,格林童话全集,https://img9.doubanio.com/view/subject/s/public/s1043975.jpg,[德国]格林兄弟 ,1994-11,1994, 人民文学出版社 ,9.0,93853,21.45
59,秋园,https://img1.doubanio.com/view/subject/s/public/s33640730.jpg,杨本芬 ,2020-6,2020, 北京联合出版公司 ,9.0,92039,38.00
60,无人生还,https://img1.doubanio.com/view/subject/s/public/s2962510.jpg,[英] 阿加莎・克里斯蒂 ,2008-3,2008, 人民文学出版社 ,9.0,145583,19.00
61,中国少年儿童百科全书（全四册）,https://img9.doubanio.com/view/subject/s/public/s34069455.jpg,林崇德 主编 ,1991-4,1991, 浙江教育出版社 ,9.4,17873,168.00
62,嫌疑人X的献身,https://img9.doubanio.com/view/subject/s/public/s3254244.jpg,[日] 东野圭吾 ,2008-9,2008, 南海出版公司 ,8.9,515818,28.00
63,鼠疫,https://img2.doubanio.com/view/subject/s/public/s27003191.jpg,[法] 阿尔贝·加缪 ,2013-8,2013, 上海译文出版社 ,9.1,74851,34.00
64,黄金时代,https://img3.doubanio.com/view/subject/s/public/s1076372.jpg,王小波 ,1999-3,1999, 花城出版社 ,8.9,164060,19.00
65,西游记（全二册）,https://img9.doubanio.com/view/subject/s/public/s1627374.jpg,吴承恩 ,2004-8,2004, 人民文学出版社 ,9.1,85870,47.20
66,傲慢与偏见,https://img3.doubanio.com/view/subject/s/public/s4250062.jpg,[英] 奥斯丁 ,1993-7,1993, 人民文学出版社 ,8.9,230252,13.00
67,史记（全十册）,https://img9.doubanio.com/view/subject/s/public/s1953384.jpg,司马迁 ,1982-11,1982, 中华书局 ,9.5,24259,125.00
68,始于极限,https://img9.doubanio.com/view/subject/s/public/s34300626.jpg,[日] 上野千鹤子 ,2022-9-20,2022, 新星出版社 ,9.1,64296,59
69,悲惨世界（上中下）,https://img9.doubanio.com/view/subject/s/public/s4521754.jpg,[法] 雨果 ,1992-6,1992, 人民文学出版社 ,9.1,62911,66.00
70,台北人,https://img9.doubanio.com/view/subject/s/public/s4526465.jpg,白先勇 ,2010-10,2010, 广西师范大学出版社 ,9.0,70540,38.00
71,诗经,https://img3.doubanio.com/view/subject/s/public/s1979223.jpg,孔丘 编订 ,2006-7,2006, 北京出版社 ,9.5,28103,19.90
72,神雕侠侣,https://img9.doubanio.com/view/subject/s/public/s26018916.jpg,金庸 ,1994-5,1994, 生活·读书·新知三联书店 ,8.9,99699,76.80
73,永恒的终结,https://img2.doubanio.com/view/subject/s/public/s27409671.jpg,[美] 艾萨克·阿西莫夫 ,2014-9,2014, 江苏凤凰文艺出版社 ,9.1,45177,32.00
74,孽子,https://img1.doubanio.com/view/subject/s/public/s6240330.jpg,白先勇 ,2010.10,2010, 广西师范大学出版社 ,9.2,44771,46.00
75,历史深处的忧虑,https://img9.doubanio.com/view/subject/s/public/s1768916.jpg,林达 ,1997-5,1997, 生活·读书·新知三联书店 ,9.0,45220,19.00
76,上帝掷骰子吗,https://img9.doubanio.com/view/subject/s/public/s1486674.jpg,曹天元 ,2006-1,2006, 辽宁教育出版社 ,9.2,34060,32.00
77,可能性的艺术,https://img2.doubanio.com/view/subject/s/public/s34192061.jpg,刘瑜 ,2022-4,2022, 广西师范大学出版社 ,9.1,37039,82.00
78,刘擎西方现代思想讲义,https://img2.doubanio.com/view/subject/s/public/s33802981.jpg,刘擎 ,2021-1,2021, 新星出版社 ,9.2,33715,79.00
79,一个叫欧维的男人决定去死,https://img1.doubanio.com/view/subject/s/public/s29071620.jpg,[瑞典] 弗雷德里克·巴克曼 ,2015-12,2015, 四川文艺出版社 ,9.1,65185,35.00
80,美丽新世界,https://img9.doubanio.com/view/subject/s/public/s29477615.jpg,【英】奥尔德斯·赫胥黎 ,2017-6,2017, 上海译文出版社 ,9.2,52913,45.00
81,哭泣的骆驼,https://img9.doubanio.com/view/subject/s/public/s1020454.jpg,三毛 ,2003-6,2003, 哈尔滨出版社 ,9.0,56751,15.80
82,灿烂千阳,https://img9.doubanio.com/view/subject/s/public/s2651394.jpg,[美] 卡勒德·胡赛尼 ,2007-9,2007, 上海人民出版社 ,8.9,120072,28.00
83,唐诗三百首,https://img1.doubanio.com/view/subject/s/public/s1008848.jpg,蘅塘退士 ,1984-07-01,1984, 中华书局 ,9.4,26222,0.65
84,文学回忆录,https://img1.doubanio.com/view/subject/s/public/s24611679.jpg,木心 口述 ,2013-1-10,2013, 广西师范大学出版社 ,9.1,43737,98.00
85,最好的告别,https://img3.doubanio.com/view/subject/s/public/s28260907.jpg,[美] 阿图·葛文德（Atul Gawande） ,2015-7-31,2015, 浙江人民出版社 ,9.0,48997,54.90
86,美的历程,https://img3.doubanio.com/view/subject/s/public/s3893343.jpg,李泽厚 ,2009-7,2009, 生活·读书·新知三联书店 ,9.2,31136,43.00
87,窗边的小豆豆,https://img2.doubanio.com/view/subject/s/public/s1067911.jpg,[日] 黑柳彻子 著 ,2003-1,2003, 南海出版公司 ,8.8,207814,20.00
88,四世同堂,https://img1.doubanio.com/view/subject/s/public/s3228699.jpg,老舍 ,2008-07,2008, 北京十月文艺出版社 ,9.4,38040,36.00
89,人间词话,https://img9.doubanio.com/view/subject/s/public/s1146614.jpg,王国维 ,1998-12,1998, 上海古籍出版社 ,9.0,54399,9.80
90,呼兰河传,https://img1.doubanio.com/view/subject/s/public/s1167060.jpg,萧红 ,2005-01,2005, 百花文艺出版社 ,9.0,82286,19.00
91,道德经,https://img2.doubanio.com/view/subject/s/public/s1045431.jpg,黄元吉 ,1996-10,1996, 陕西人民出版社 ,9.5,19878,4.50
92,看见,https://img1.doubanio.com/view/subject/s/public/s24514758.jpg,柴静 ,2013-1-1,2013, 广西师范大学出版社 ,8.8,334442,39.80
93,冬牧场,https://img2.doubanio.com/view/subject/s/public/s8958901.jpg,李娟 ,2012-6,2012, 新星出版社 ,9.1,36540,29.80
94,绝叫,https://img3.doubanio.com/view/subject/s/public/s33685372.jpg,[日] 叶真中显 ,2020-7,2020, 北京联合出版公司 ,8.9,94244,58.00
95,浪潮之巅,https://img9.doubanio.com/view/subject/s/public/s6807265.jpg,吴军 ,2011-8,2011, 电子工业出版社 ,9.0,33265,55.00
96,离开的，留下的,https://img2.doubanio.com/view/subject/s/public/s29535271.jpg,[意] 埃莱娜·费兰特 ,2017-10,2017, 人民文学出版社 ,8.9,71404,62.00
97,罪与罚,https://img9.doubanio.com/view/subject/s/public/s1790246.jpg,[俄] 陀思妥耶夫斯基 ,2006-8,2006, 上海译文出版社 ,9.3,34074,23.00
98,棋王·树王·孩子王,https://img3.doubanio.com/view/subject/s/public/s28688273.jpg,阿城 ,2016-3-1,2016, 江苏凤凰文艺出版社 ,9.3,26741,58.00
99,也许你该找个人聊聊,https://img3.doubanio.com/view/subject/s/public/s33944153.jpg,[美]洛莉·戈特利布 ,2021-7-28,2021,上海文化出版社 ,9.0,45698,68.00
100,爱你就像爱生命,https://img3.doubanio.com/view/subject/s/public/s4661043.jpg,王小波 ,2008-5,2008, 上海锦绣文章出版社 ,8.8,113480,18.00
101,我们仨,https://img3.doubanio.com/view/subject/s/public/s1015872.jpg,杨绛 ,2003-7,2003, 生活·读书·新知三联书店 ,8.8,305633,18.80
102,叫魂,https://img2.doubanio.com/view/subject/s/public/s9015481.jpg,[美] 孔飞力 ,2012-5,2012, 生活·读书·新知三联书店 上海三联书店 ,9.1,30019,38.00
103,巨人的陨落,https://img9.doubanio.com/view/subject/s/public/s28668834.jpg,[英] 肯·福莱特 ,2016-5-1,2016, 江苏凤凰文艺出版社 ,8.9,84111,129.80
104,人生的枷锁,https://img1.doubanio.com/view/subject/s/public/s3983958.jpg,[英] 毛姆 ,2007-3,2007, 上海译文出版社 ,9.1,30215,32.00
105,毛泽东选集,https://img2.doubanio.com/view/subject/s/public/s1106951.jpg,毛泽东 ,1991-6,1991, 人民出版社 ,9.6,26607,40.00
106,失明症漫记,https://img1.doubanio.com/view/subject/s/public/s27217828.jpg,[葡] 若泽·萨拉马戈 ,2014-2,2014, 南海出版公司 ,9.1,36195,29.50
107,看不见的城市,https://img1.doubanio.com/view/subject/s/public/s8972088.jpg,[意] 伊塔洛·卡尔维诺 ,2012-4,2012, 译林出版社 ,9.0,35810,25.00
108,教父,https://img1.doubanio.com/view/subject/s/public/s2832939.jpg,[美]马里奥·普佐 ,1997-8,1997, 译林出版社 ,9.0,40040,23.30
109,人生的智慧,https://img9.doubanio.com/view/subject/s/public/s4619775.jpg,(德)叔本华 ,2008-10-01,2008, 上海人民出版社 ,9.2,31853,28.00
110,海子的诗,https://img2.doubanio.com/view/subject/s/public/s1067491.jpg,海子 ,1999-04,1999, 人民文学出版社 ,9.0,45533,15.40
111,桶川跟踪狂杀人事件,https://img9.doubanio.com/view/subject/s/public/s34072986.jpg,[日] 清水洁 ,2021-2,2021, 四川人民出版社 ,9.0,44685,45.00
112,飞鸟集,https://img3.doubanio.com/view/subject/s/public/s1044902.jpg,[印] 罗宾德拉纳德·泰戈尔 ,2004-6,2004, 哈尔滨出版社 ,8.9,65230,16.80
113,太白金星有点烦,https://img9.doubanio.com/view/subject/s/public/s34544956.jpg,马伯庸 ,2023-6,2023, 湖南文艺出版社 ,9.0,43335,45.00
114,受戒,https://img3.doubanio.com/view/subject/s/public/s3628082.jpg,汪曾祺 ,1987-10,1987, 漓江出版社 ,9.4,25770,3.95
115,鹿鼎记,https://img1.doubanio.com/view/subject/s/public/s3134040.jpg,金庸 ,2008-3,2008, 广州出版社 花城出版社 ,8.9,55113,108.00
116,斯通纳,https://img2.doubanio.com/view/subject/s/public/s28332051.jpg,[美] 约翰·威廉斯 ,2016-1,2016, 上海人民出版社 ,8.8,62340,49.00
117,少年凯歌,https://img9.doubanio.com/view/subject/s/public/s1077996.jpg,人民文学出版社 ,2001-6,2001,人民文学出版社 ,9.4,17068,10.00
118,梦里花落知多少,https://img3.doubanio.com/view/subject/s/public/s2393243.jpg,三毛 ,2007-6,2007, 北京十月文艺出版社 ,8.8,96786,28.00
119,陆犯焉识,https://img3.doubanio.com/view/subject/s/public/s6987353.jpg,严歌苓 ,2011-10,2011, 作家出版社 ,8.9,56617,35.00
120,茶馆,https://img1.doubanio.com/view/subject/s/public/s33516550.jpg,老舍 ,2002-1,2002, 人民文学出版社 ,9.2,31954,9.80
121,边城,https://img3.doubanio.com/view/subject/s/public/s1595557.jpg,沈从文 ,2002-4,2002, 北岳文艺出版社 ,8.7,226776,12.00
122,克莱因壶,https://img3.doubanio.com/view/subject/s/public/s33317677.jpg,[日] 冈岛二人 ,2019-9,2019, 化学工业出版社 ,8.9,62357,48.00
123,时间简史,https://img2.doubanio.com/view/subject/s/public/s1914861.jpg,[英] 史蒂芬·霍金 ,2010-4,2010, 湖南科学技术出版社 ,8.9,61546,45.00
124,十万个为什么,https://img1.doubanio.com/view/subject/s/public/s2619779.jpg,少年儿童出版社 ,1962,1962,少年儿童出版社 ,9.2,19132,30.00
125,这些人，那些事,https://img2.doubanio.com/view/subject/s/public/s6828981.jpg,吴念真 ,2011-9,2011, 译林出版社 ,8.8,66587,28.00
126,人间草木,https://img1.doubanio.com/view/subject/s/public/s1201610.jpg,汪曾祺 ,2005-01,2005, 江苏文艺出版社 ,9.2,31049,20.00
127,王尔德童话,https://img9.doubanio.com/view/subject/s/public/s2019056.jpg,[英] 王尔德 ,2003-6,2003, 译林出版社 ,9.1,23553,6.00
128,面纱,https://img9.doubanio.com/view/subject/s/public/s28561075.jpg,[英] 威廉·萨默塞特·毛姆 ,2016-4-1,2016, 江西人民出版社 ,9.1,35734,39.8
129,遥远的向日葵地,https://img1.doubanio.com/view/subject/s/public/s29878650.jpg,李娟 ,2017-11,2017, 花城出版社 ,9.1,29323,38.00
130,金色梦乡,https://img9.doubanio.com/view/subject/s/public/s4444885.jpg,[日] 伊坂幸太郎 ,2010-9,2010, 译林出版社 ,9.0,29715,35.00
131,小径分岔的花园,https://img1.doubanio.com/view/subject/s/public/s29746559.jpg,[阿根廷] 豪·路·博尔赫斯 ,2015-7,2015, 上海译文出版社 ,8.9,44292,23.00
132,你当像鸟飞往你的山,https://img9.doubanio.com/view/subject/s/public/s33492346.jpg,塔拉·韦斯特弗 ,2019-10,2019, 南海出版公司 ,8.7,179212,59.00
133,昨日的世界,https://img1.doubanio.com/view/subject/s/public/s1121598.jpg,[奥] 斯蒂芬·茨威格 ,2004-5-1,2004, 广西师范大学出版社 ,9.2,14382,32.00
134,绿毛水怪,https://img9.doubanio.com/view/subject/s/public/s3675595.jpg,王小波 ,2009-1,2009, 时代文艺出版社 ,9.1,24357,30.00
135,13,https://img1.doubanio.com/view/subject/s/public/s33699260.jpg,陳浩基 ,2014-6-9,2014, 皇冠文化出版有限公司 ,9.1,20241,350
136,一间只属于自己的房间,https://img1.doubanio.com/view/subject/s/public/s33503989.jpg,[英] 弗吉尼亚·伍尔夫 ,2019-10,2019, 天津人民出版社 ,9.2,23050,45.00
137,海的女儿,https://img9.doubanio.com/view/subject/s/public/s4133656.jpg,安徒生 ,1978年6月,1978, 上海译文出版社 ,9.1,23474,0.43
138,故事,https://img1.doubanio.com/view/subject/s/public/s27598249.jpg,[美] 罗伯特·麦基 ,2014-9,2014, 天津人民出版社 ,9.2,18765,68.00
139,我的天才女友,https://img3.doubanio.com/view/subject/s/public/s29164777.jpg,[意] 埃莱娜·费兰特 ,2017-1,2017, 人民文学出版社 ,8.7,109053,42.00
140,经济学原理（上下）,https://img9.doubanio.com/view/subject/s/public/s1785715.jpg,[美] 曼昆 ,2003-8,2003, 机械工业出版社 ,9.1,21857,88.00
141,阿勒泰的角落,https://img1.doubanio.com/view/subject/s/public/s6185540.jpg,李娟 ,2010-6,2010, 万卷出版公司 ,9.1,20574,25.00
142,國史大綱（上下）,https://img9.doubanio.com/view/subject/s/public/s6795555.jpg,錢穆 ,2013-8,2013, 商务印书馆 ,9.4,15971,76.00
143,一句顶一万句,https://img1.doubanio.com/view/subject/s/public/s6916838.jpg,刘震云 ,2009-3,2009, 长江文艺出版社 ,8.8,76979,29.80
144,长日将尽,https://img1.doubanio.com/view/subject/s/public/s29738720.jpg,[英] 石黑一雄 ,2018-5,2018, 上海译文出版社 ,8.9,34918,48
145,一个陌生女人的来信,https://img1.doubanio.com/view/subject/s/public/s2611329.jpg,[奥] 斯蒂芬·茨威格 ,2007-7,2007, 上海译文出版社 ,8.7,144178,20.00
146,西线无战事,https://img1.doubanio.com/view/subject/s/public/s33779178.jpg,[德] 埃里希·玛丽亚·雷马克 ,2021-1,2021, 上海文艺出版社 ,9.5,17440,49
147,苏菲的世界,https://img1.doubanio.com/view/subject/s/public/s3042670.jpg,[挪] 乔斯坦·贾德 ,2007-10,2007, 作家出版社 ,8.8,57470,26.00
148,全球通史(上),https://img2.doubanio.com/view/subject/s/public/s28330151.jpg,[美]斯塔夫里阿诺斯 ,2006-1-10,2006, 北京大学出版社 ,9.2,18341,42.00
149,鹿川有许多粪,https://img3.doubanio.com/view/subject/s/public/s33968312.jpg,李沧东 ,2021-8,2021, 武汉大学出版社 ,8.9,30900,58.00
150,万水千山走遍,https://img3.doubanio.com/view/subject/s/public/s1099483.jpg,三毛 ,2003-08,2003, 哈尔滨出版社 ,8.8,45504,13.80
151,德米安,https://img2.doubanio.com/view/subject/s/public/s5988251.jpg,[德] 赫尔曼·黑塞 ,2009-3,2009, 上海人民出版社 ,8.9,36106,25.00
152,强风吹拂,https://img1.doubanio.com/view/subject/s/public/s27914268.jpg,三浦紫苑 ,2015-1-1,2015, 广西师范大学出版社 ,9.0,25858,39.00
153,温柔的夜,https://img1.doubanio.com/view/subject/s/public/s2391798.jpg,三毛 ,2007-5,2007, 北京十月文艺出版社 ,9.1,23240,28.00
154,史蒂夫·乔布斯传,https://img3.doubanio.com/view/subject/s/public/s6974202.jpg,[美] 沃尔特·艾萨克森 ,2011-10-24,2011, 中信出版社 ,8.7,60174,68.00
155,霸王别姬,https://img9.doubanio.com/view/subject/s/public/s24964086.jpg,李碧华 ,1999-1,1999, 人民文学出版社 ,9.1,21989,10.20
156,爱的艺术,https://img9.doubanio.com/view/subject/s/public/s2990934.jpg,[美] 艾·弗洛姆 ,2008-4,2008, 上海译文出版社 ,8.8,47781,15.00
157,球状闪电,https://img9.doubanio.com/view/subject/s/public/s26040205.jpg,刘慈欣 ,2005-6,2005, 四川科学技术出版社 ,8.7,85802,22.00
158,筚路维艰,https://img1.doubanio.com/view/subject/s/public/s33986279.jpg,萧冬连 ,2014-10-1,2014, 社会科学文献出版社 ,9.5,12385,45.00
159,不能承受的生命之轻,https://img3.doubanio.com/view/subject/s/public/s4421443.jpg,米兰·昆德拉 ,2010-8,2010, 上海译文出版社 ,8.8,46123,29.00
160,2001：太空漫游,https://img2.doubanio.com/view/subject/s/public/s32330891.jpg,[英] 阿瑟·克拉克 ,2019-5-10,2019, 上海文艺出版社 ,9.3,20591,62.00
161,安娜·卡列尼娜,https://img1.doubanio.com/view/subject/s/public/s5763939.jpg,[俄] 列夫·托尔斯泰 ,2007-8,2007, 上海文艺出版社 ,9.2,27990,37.00
162,亮剑,https://img1.doubanio.com/view/subject/s/public/s9950828.jpg,都梁 ,2005-3,2005, 解放军文艺出版社 ,9.0,30264,28.00
163,我不知道该说什么，关于死亡还是爱情,https://img3.doubanio.com/view/subject/s/public/s28313152.jpg,[白俄] S·A·阿列克谢耶维奇 ,2014-6-15,2014, 花城出版社 ,9.1,19818,34.80
164,草房子,https://img1.doubanio.com/view/subject/s/public/s2652540.jpg,曹文轩 ,2009-6,2009, 江苏少年儿童出版社 ,9.0,51198,18.00
165,我的阿勒泰,https://img1.doubanio.com/view/subject/s/public/s6180859.jpg,李娟 ,2010-7,2010, 云南人民出版社 ,8.9,27371,22.00
166,流俗地,https://img3.doubanio.com/view/subject/s/public/s33884123.jpg,【马来西亚】黎紫书 ,2021-4-1,2021, 北京十月文艺出版社 ,9.2,16589,55
167,平面国,https://img1.doubanio.com/view/subject/s/public/s33710398.jpg,埃德温·A·艾勃特 ,2020-8,2020, 上海文化出版社 ,9.2,17422,39.80
168,古文观止,https://img3.doubanio.com/view/subject/s/public/s1325863.jpg,吴楚材 ,1987-1-1,1987, 中华书局 ,9.1,18805,21.00
169,恶意,https://img9.doubanio.com/view/subject/s/public/s29827014.jpg,[日] 东野圭吾 ,2016-11,2016, 南海出版公司 ,8.7,120136,39.50
170,南京大屠杀,https://img9.doubanio.com/view/subject/s/public/s28297426.jpg,[美]张纯如（Iris Chang） ,2015-8,2015, 中信出版社 ,9.7,15555,49.00
171,地下室手记,https://img3.doubanio.com/view/subject/s/public/s33638812.jpg,(俄罗斯) 陀思妥耶夫斯基 ,2020-5,2020, 浙江文艺出版社 ,9.3,20192,39.8
172,檀香刑,https://img1.doubanio.com/view/subject/s/public/s33562530.jpg,莫言 ,2017-1,2017, 浙江文艺出版社 ,9.3,27697,56.00
173,额尔古纳河右岸,https://img9.doubanio.com/view/subject/s/public/s3380714.jpg,迟子建 ,2005-12,2005, 北京十月文艺出版社 ,9.0,26114,29.00
174,半生缘,https://img1.doubanio.com/view/subject/s/public/s10199588.jpg,张爱玲 ,2012-6-1,2012, 北京十月文艺出版社 ,9.1,29930,29.60
175,麦琪的礼物,https://img2.doubanio.com/view/subject/s/public/s1137441.jpg,[美] 欧·亨利 ,2003-7,2003, 上海社会科学院出版社 ,8.7,74904,25.00
176,社会心理学,https://img3.doubanio.com/view/subject/s/public/s1670932.jpg,[美] 戴维·迈尔斯 ,2006-1,2006, 人民邮电出版社 ,9.0,26591,68.00
177,我也有一个梦想,https://img9.doubanio.com/view/subject/s/public/s2170315.jpg,林达 ,2004-08,2004, 生活·读书·新知三联书店 ,9.0,15841,25.00
178,天朝的崩溃,https://img3.doubanio.com/view/subject/s/public/s1681072.jpg,茅海建 ,2005-7,2005, 生活·读书·新知三联书店 ,9.2,14861,32.00
179,冰与火之歌,https://img9.doubanio.com/view/subject/s/public/s27218035.jpg,[美]乔治·R.R.马丁 ,2013-10-1,2013, 重庆出版社 ,9.5,17941,330.00
180,激荡三十年（上）,https://img1.doubanio.com/view/subject/s/public/s10431840.jpg,吴晓波 ,2007-1,2007, 中信出版社 浙江人民出版社 ,8.8,31671,35.00
181,海风中失落的血色馈赠,https://img2.doubanio.com/view/subject/s/public/s28061231.jpg,[加拿大] 阿利斯泰尔·麦克劳德 ,2015-6-1,2015, 上海文艺出版社 ,9.0,20098,20.00
182,倾城之恋,https://img1.doubanio.com/view/subject/s/public/s4638950.jpg,张爱玲 ,2006-12,2006, 北京十月文艺出版社 ,8.7,51090,29.80
183,翦商,https://img1.doubanio.com/view/subject/s/public/s34385069.jpg,李硕 ,2022-10,2022, 广西师范大学出版社 ,9.0,22290,99.00
184,天生有罪,https://img3.doubanio.com/view/subject/s/public/s29675003.jpg,[南非] 特雷弗·诺亚 ,2018-2-1,2018, 北京联合出版公司 ,9.1,19424,58.00
185,一桩事先张扬的凶杀案,https://img1.doubanio.com/view/subject/s/public/s26546959.jpg,[哥伦比亚] 加西亚·马尔克斯 ,2013-6,2013, 南海出版公司 ,8.7,48702,25.00
186,浮生六记,https://img9.doubanio.com/view/subject/s/public/s2280094.jpg,（清）沈复 ,1999-1,1999, 人民文学出版社 ,8.7,69660,38
187,万物有灵且美,https://img9.doubanio.com/view/subject/s/public/s4093514.jpg,[英] 吉米·哈利 ,2010-1,2010, 中国城市出版社 ,8.9,22823,28.80
188,情书,https://img9.doubanio.com/view/subject/s/public/s1127135.jpg,[日] 岩井俊二 ,2004-7,2004, 天津人民出版社 ,8.6,106224,18.00
189,孩子你慢慢来,https://img9.doubanio.com/view/subject/s/public/s4124434.jpg,龙应台 ,2009-12-1,2009, 生活·读书·新知三联书店 ,8.7,79002,28.00
190,倚天屠龙记,https://img9.doubanio.com/view/subject/s/public/s34097535.jpg,金庸 ,1999-04,1999, 生活·读书·新知三联书店 ,8.7,60992,47.00
191,送你一颗子弹,https://img3.doubanio.com/view/subject/s/public/s4243447.jpg,刘瑜 ,2010-1,2010, 上海三联书店 ,8.6,142794,25.00
192,理想国,https://img1.doubanio.com/view/subject/s/public/s34157889.jpg,[古希腊] 柏拉图 ,1986-8,1986, 商务印书馆 ,8.8,36126,28.00
193,亲密关系（第6版）,https://img1.doubanio.com/view/subject/s/public/s29497110.jpg,[美] 罗兰·米勒 (Rowland S. Miller) ,2015-6,2015, 人民邮电出版社 ,9.3,24100,138.00
194,尼罗河上的惨案,https://img3.doubanio.com/view/subject/s/public/s1683067.jpg,[英] 阿加莎·克里斯蒂 ,2006-5,2006, 人民文学出版社 ,8.7,49009,22.00
195,渴望生活,https://img1.doubanio.com/view/subject/s/public/s3099438.jpg,[美] 欧文·斯通 ,2008-4,2008, 北京十月文艺出版社 ,9.2,11674,29.80
196,罗生门,https://img1.doubanio.com/view/subject/s/public/s3435158.jpg,[日] 芥川龙之介 ,2008-7,2008, 上海译文出版社 ,8.7,69057,12.00
197,雷雨,https://img3.doubanio.com/view/subject/s/public/s23579217.jpg,曹禺 ,1999-05,1999, 人民文学出版社 ,8.7,77934,9.20
198,九州·缥缈录,https://img1.doubanio.com/view/subject/s/public/s1520169.jpg,江南 ,2005-6,2005, 新世界出版社 ,8.8,31492,20.00
199,最好的我们,https://img9.doubanio.com/view/subject/s/public/s26720726.jpg,八月长安 ,2013-8-5,2013, 湖南文艺出版社 ,8.7,71738,55
200,东晋门阀政治,https://img9.doubanio.com/view/subject/s/public/s10206185.jpg,田余庆 ,2012-5,2012, 北京大学出版社 ,9.5,11882,49.00
201,荒原狼,https://img1.doubanio.com/view/subject/s/public/s3286369.jpg,[德]赫尔曼·黑塞 ,2008-7,2008, 上海译文出版社 ,9.0,22652,13.00
202,水浒传（全二册）,https://img1.doubanio.com/view/subject/s/public/s1436519.jpg,[明] 施耐庵 ,1997-1,1997, 人民文学出版社 ,8.7,76490,50.60
203,从零开始的女性主义,https://img3.doubanio.com/view/subject/s/public/s33984963.jpg,[日本] 上野千鹤子 ,2021-9,2021, 北京联合出版公司 ,8.7,63924,52.00
204,银河系漫游指南,https://img1.doubanio.com/view/subject/s/public/s3696740.jpg,[英] 道格拉斯·亚当斯 ,2005-6,2005, 四川科学技术出版社 ,8.8,22125,16.00
205,雨季不再来,https://img1.doubanio.com/view/subject/s/public/s2563279.jpg,三毛 ,2007-7,2007, 北京十月文艺出版社 ,8.7,54545,28.00
206,野火集,https://img1.doubanio.com/view/subject/s/public/s1469589.jpg,龙应台 ,2005-8,2005, 文汇出版社 ,8.8,34988,25.00
207,雕刻时光,https://img2.doubanio.com/view/subject/s/public/s28622011.jpg,[苏] 安德烈·塔可夫斯基 ,2016-5,2016, 南海出版公司 ,9.5,8602,45.00
208,当呼吸化为空气,https://img3.doubanio.com/view/subject/s/public/s29423902.jpg,[美] 保罗·卡拉尼什 ,2016-12,2016, 浙江文艺出版社 ,8.9,28267,48.00
209,一千零一夜,https://img3.doubanio.com/view/subject/s/public/s1070937.jpg,纳训 ,2003-01,2003, 人民文学出版社 ,8.7,58321,22.00
210,论语,https://img9.doubanio.com/view/subject/s/public/s5804746.jpg,刘胜利 ,2006-12,2006, 中华书局 ,9.1,23427,9.80
211,孙子兵法,https://img1.doubanio.com/view/subject/s/public/s2142329.jpg,孙武 ,2006-7,2006, 上海古籍出版社 ,9.4,13180,20.00
212,在细雨中呼喊,https://img3.doubanio.com/view/subject/s/public/s29032782.jpg,余华 ,2012-11-1,2012, 作家出版社 ,8.8,65370,25.00
213,你好，旧时光（上,https://img3.doubanio.com/view/subject/s/public/s4293097.jpg,八月长安 ,2009-12,2009, 新世界出版社 ,8.7,48727,39.80
214,你一生的故事,https://img9.doubanio.com/view/subject/s/public/s28033064.jpg,[美] 特德·姜 ,2015-5,2015, 译林出版社 ,8.8,35430,36.00
215,骆驼祥子,https://img1.doubanio.com/view/subject/s/public/s1146040.jpg,老舍 ,2000-3-1,2000, 人民文学出版社 ,8.6,204711,12.00
216,生死疲劳,https://img1.doubanio.com/view/subject/s/public/s34086258.jpg,莫言 ,2022-1,2022, 浙江文艺出版社 ,9.1,31860,69.90
217,不存在的骑士,https://img2.doubanio.com/view/subject/s/public/s8972061.jpg,[意] 伊塔洛·卡尔维诺 ,2012-4,2012, 译林出版社 ,8.9,23342,22.00
218,象棋的故事,https://img1.doubanio.com/view/subject/s/public/s2897060.jpg,[奥] 斯蒂芬·茨威格 ,2007-7,2007, 上海译文出版社 ,9.2,12733,23.00
219,显微镜下的大明,https://img2.doubanio.com/view/subject/s/public/s29960161.jpg,马伯庸 ,2019-1,2019, 湖南文艺出版社 ,8.8,40914,52.00
220,现代艺术150年,https://img9.doubanio.com/view/subject/s/public/s29417056.jpg,[英] 威尔·贡培兹 ,2017-3,2017, 广西师范大学出版社 ,9.1,14290,65.00
221,枪炮、病菌与钢铁,https://img3.doubanio.com/view/subject/s/public/s1738643.jpg,[美] 贾雷德·戴蒙德 ,2006-4-1,2006, 上海译文出版社 ,8.7,50475,45.00
222,解忧杂货店,https://img2.doubanio.com/view/subject/s/public/s27264181.jpg,[日] 东野圭吾 ,2014-5,2014, 南海出版公司 ,8.5,752658,39.50
223,银河帝国：基地七部曲,https://img9.doubanio.com/view/subject/s/public/s28284246.jpg,[美] 艾萨克·阿西莫夫 ,2015-10-1,2015, 江苏凤凰文艺出版社 ,9.5,15043,328.00
224,二手时间,https://img9.doubanio.com/view/subject/s/public/s28397415.jpg,[白俄] S. A. 阿列克谢耶维奇 ,2016-1,2016, 中信出版社 ,8.9,24064,55.00
225,庄子,https://img9.doubanio.com/view/subject/s/public/s5765615.jpg,孙通海 译注 ,2007-04,2007, 中华书局 ,9.4,11559,20.00
226,上学记,https://img9.doubanio.com/view/subject/s/public/s1950424.jpg,何兆武 口述 ,2006-8,2006, 生活·读书·新知三联书店 ,8.9,14014,19.80
227,目送,https://img1.doubanio.com/view/subject/s/public/s3984108.jpg,龙应台 ,2009-10,2009, 生活·读书·新知三联书店 ,8.6,210806,39.00
228,父权制与资本主义,https://img9.doubanio.com/view/subject/s/public/s33723475.jpg,[日] 上野千鹤子 ,2020-3,2020, 浙江大学出版社 ,9.2,16647,58.00
229,顾城的诗,https://img3.doubanio.com/view/subject/s/public/s1024472.jpg,顾城 ,1998-12,1998, 人民文学出版社 ,8.8,26058,20.00
230,火星救援,https://img3.doubanio.com/view/subject/s/public/s28284337.jpg,[美]安迪•威尔 ,2015-10,2015, 译林出版社 ,8.9,19502,38.00
231,总统是靠不住的,https://img9.doubanio.com/view/subject/s/public/s2170316.jpg,林达 ,2004-08,2004, 生活·读书·新知三联书店 ,8.8,20837,21.80
232,众病之王,https://img1.doubanio.com/view/subject/s/public/s24598159.jpg,[美] 悉达多·穆克吉 ,2013-2,2013, 中信出版社 ,9.0,13011,42.00
233,规训与惩罚,https://img3.doubanio.com/view/subject/s/public/s2522397.jpg,[法] 米歇尔·福柯 ,2003-1,2003, 生活·读书·新知三联书店 ,9.3,10581,21.80
234,会饮篇,https://img3.doubanio.com/view/subject/s/public/s25807032.jpg,[古希腊] 柏拉图 ,2013-1,2013, 商务印书馆 ,9.3,11071,12.00
235,金锁记,https://img9.doubanio.com/view/subject/s/public/s2976745.jpg,张爱玲 ,2005-6,2005, 哈尔滨出版社 ,8.6,62042,13.5
236,亲爱的安德烈,https://img1.doubanio.com/view/subject/s/public/s3993878.jpg,龙应台 ,2008-12,2008, 人民文学出版社 ,8.6,121098,26.00
237,毛姆短篇小说精选集,https://img9.doubanio.com/view/subject/s/public/s24174596.jpg,[英] 威廉·萨默塞特·毛姆 ,2012-11,2012, 译林出版社 ,9.1,12477,36.00
238,认识电影,https://img3.doubanio.com/view/subject/s/public/s28274132.jpg,[美] 路易斯·贾内梯 ,2007-11,2007, 世界图书出版公司 ,8.9,18385,68.00
239,李光耀观天下,https://img3.doubanio.com/view/subject/s/public/s28095832.jpg,李光耀 ,2015-6,2015, 北京大学出版社 ,9.2,12032,58.00
240,黑箱：日本之耻,https://img9.doubanio.com/view/subject/s/public/s30025945.jpg,[日]伊藤诗织 ,2019-4,2019,中信出版集团 ,8.9,22105,48.00
241,哈姆莱特,https://img3.doubanio.com/view/subject/s/public/s27009357.jpg,[英] 莎士比亚 ,2001-1,2001, 人民文学出版社 ,8.7,49347,7.00
242,了不起的盖茨比,https://img9.doubanio.com/view/subject/s/public/s9110246.jpg,[美] 斯科特·菲茨杰拉德 ,2012-5,2012, 南海出版公司 ,8.7,54604,25.00
243,分成两半的子爵,https://img3.doubanio.com/view/subject/s/public/s8972073.jpg,[意] 伊塔洛·卡尔维诺 ,2012-4-1,2012, 译林出版社 ,8.8,26545,20.00
244,帷幕,https://img3.doubanio.com/view/subject/s/public/s27988902.jpg,[英] 阿加莎·克里斯蒂 ,2015-2,2015, 新星出版社 ,9.1,14793,26.00
245,中国哲学简史,https://img9.doubanio.com/view/subject/s/public/s1069364.jpg,冯友兰 ,2004-1,2004, 新世界出版社 ,8.9,19985,38.00
246,坟,https://img1.doubanio.com/view/subject/s/public/s2128420.jpg,鲁迅 ,2006-12,2006, 人民文学出版社 ,9.6,11501,16.00
247,荆棘鸟,https://img9.doubanio.com/view/subject/s/public/s1073574.jpg,[澳] 考琳·麦卡洛 ,1998-7,1998, 译林出版社 ,8.6,51988,28.00
248,青铜时代,https://img2.doubanio.com/view/subject/s/public/s1072541.jpg,王小波 ,1997-5,1997, 花城出版社 ,8.8,26831,29.00
249,如父如子,https://img1.doubanio.com/view/subject/s/public/s29707420.jpg,[日] 是枝裕和 ,2018-4,2018, 湖南文艺出版社 ,8.9,26406,49.80
250,从一到无穷大,https://img1.doubanio.com/view/subject/s/public/s2516920.jpg,[美] G. 伽莫夫 ,2002-11,2002, 科学出版社 ,9.1,13899,29.00
