全国编号,名称,属性,普通特性,隐藏特性,类别,身高,体重,捕获度,种族值
1,妙蛙种子,草/毒,茂盛,叶绿素,种子宝可梦,0.7m,6.9kg,45,"['45', '49', '49', '65', '65', '45', '318']"
2,妙蛙草,草/毒,茂盛,叶绿素,种子宝可梦,1.0m,13.0kg,45,"['60', '62', '63', '80', '80', '60', '405']"
3,妙蛙花,草/毒,茂盛,叶绿素,种子宝可梦,2.0m,100.0kg,45,"['80', '82', '83', '100', '100', '80', '525']"
4,小火龙,火,猛火,太阳之力,蜥蜴宝可梦,0.6m,8.5kg,45,"['39', '52', '43', '60', '50', '65', '309']"
5,火恐龙,火,猛火,太阳之力,火焰宝可梦,1.1m,19.0kg,45,"['58', '64', '58', '80', '65', '80', '405']"
6,喷火龙,火/飞行,猛火,太阳之力,火焰宝可梦,1.7m,90.5kg,45,"['78', '84', '78', '109', '85', '100', '534']"
7,杰尼龟,水,激流,雨盘,小龟宝可梦,0.5m,9.0kg,45,"['44', '48', '65', '50', '64', '43', '314']"
8,卡咪龟,水,激流,雨盘,龟宝可梦,1.0m,22.5kg,45,"['59', '63', '80', '65', '80', '58', '405']"
9,水箭龟,水,激流,雨盘,甲壳宝可梦,1.6m,85.5kg,45,"['79', '83', '100', '85', '105', '78', '530']"
10,绿毛虫,虫,鳞粉,逃跑,虫宝宝宝可梦,0.3m,2.9kg,255,"['45', '30', '35', '20', '20', '45', '195']"
11,铁甲蛹,虫,蜕皮,,蛹宝可梦,0.7m,9.9kg,120,"['50', '20', '55', '25', '25', '30', '205']"
12,巴大蝶,虫/飞行,复眼,有色眼镜,蝴蝶宝可梦,1.1m,32.0kg,45,"['60', '45', '50', '90', '80', '70', '395']"
13,独角虫,虫/毒,鳞粉,逃跑,毛毛虫宝可梦,0.3m,3.2kg,255,"['40', '35', '30', '20', '20', '50', '195']"
14,铁壳蛹,虫/毒,蜕皮,,蛹宝可梦,0.6m,10.0kg,120,"['45', '25', '50', '25', '25', '35', '205']"
15,大针蜂,虫/毒,虫之预感,狙击手,毒蜂宝可梦,1.0m,29.5kg,45,"['65', '90', '40', '45', '80', '75', '395']"
16,波波,一般/飞行,蹒跚/锐利目光,健壮胸肌,小鸟宝可梦,0.3m,1.8kg,255,"['40', '45', '40', '35', '35', '56', '251']"
17,比比鸟,一般/飞行,蹒跚/锐利目光,健壮胸肌,鸟宝可梦,1.1m,30.0kg,120,"['63', '60', '55', '50', '50', '71', '349']"
18,大比鸟,一般/飞行,蹒跚/锐利目光,健壮胸肌,鸟宝可梦,1.5m,39.5kg,45,"['83', '80', '75', '70', '70', '101', '479']"
19,小拉达,一般,逃跑/毅力,活力,鼠宝可梦,0.3m,3.5kg,255,"['30', '56', '35', '25', '35', '72', '253']"
20,拉达,一般,逃跑/毅力,活力,鼠宝可梦,0.7m,18.5kg,127,"['55', '81', '60', '50', '70', '97', '413']"
21,烈雀,一般/飞行,锐利目光,狙击手,小鸟宝可梦,0.3m,2.0kg,255,"['40', '60', '30', '31', '31', '70', '262']"
22,大嘴雀,一般/飞行,锐利目光,狙击手,鸟嘴宝可梦,1.2m,38.0kg,90,"['65', '90', '65', '61', '61', '100', '442']"
23,阿柏蛇,毒,威吓/蜕皮,紧张感,蛇宝可梦,2.0m,6.9kg,255,"['35', '60', '44', '40', '54', '55', '288']"
24,阿柏怪,毒,威吓/蜕皮,紧张感,眼镜蛇宝可梦,3.5m,65.0kg,90,"['60', '95', '69', '65', '79', '80', '448']"
25,皮卡丘,電,静电,避雷针,鼠宝可梦,0.4m,6.0kg,190,"['35', '55', '40', '50', '50', '90', '320']"
26,雷丘,電,静电,避雷针,鼠宝可梦,0.8m,30.0kg,75,"['60', '90', '55', '90', '80', '110', '485']"
27,穿山鼠,地面,沙隐,拨沙,鼠宝可梦,0.6m,12.0kg,255,"['50', '75', '85', '20', '30', '40', '300']"
28,穿山王,地面,沙隐,拨沙,鼠宝可梦,1.0m,29.5kg,90,"['75', '100', '110', '45', '55', '65', '450']"
29,尼多兰,毒,毒刺/斗争心,活力,毒针宝可梦,0.4m,7.0kg,235,"['55', '47', '52', '40', '40', '41', '275']"
30,尼多娜,毒,毒刺/斗争心,活力,毒针宝可梦,0.8m,20.0kg,120,"['70', '62', '67', '55', '55', '56', '365']"
31,尼多后,毒/地面,毒刺/斗争心,强行,钻锥宝可梦,1.3m,60.0kg,45,"['90', '92', '87', '75', '85', '76', '505']"
32,尼多朗,毒,毒刺/斗争心,活力,毒针宝可梦,0.5m,9.0kg,235,"['46', '57', '40', '40', '40', '50', '273']"
33,尼多力诺,毒,毒刺/斗争心,活力,毒针宝可梦,0.9m,19.5kg,120,"['61', '72', '57', '55', '55', '65', '365']"
34,尼多王,毒/地面,毒刺/斗争心,强行,钻锥宝可梦,1.4m,62.0kg,45,"['81', '102', '77', '85', '75', '85', '505']"
35,皮皮,妖精,迷人之躯/魔法防守,友情防守,妖精宝可梦,0.6m,7.5kg,150,"['70', '45', '48', '60', '65', '35', '323']"
36,皮可西,妖精,迷人之躯/魔法防守,纯朴,妖精宝可梦,1.3m,40.0kg,25,"['95', '70', '73', '95', '90', '60', '483']"
37,六尾,火,引火,日照,狐狸宝可梦,0.6m,9.9kg,190,"['38', '41', '40', '50', '65', '65', '299']"
38,九尾,火,引火,日照,狐狸宝可梦,1.1m,19.9kg,75,"['73', '76', '75', '81', '100', '100', '505']"
39,胖丁,一般/妖精,迷人之躯/好胜,友情防守,气球宝可梦,0.5m,5.5kg,170,"['115', '45', '20', '45', '25', '20', '270']"
40,胖可丁,一般/妖精,迷人之躯/好胜,察觉,气球宝可梦,1.0m,12.0kg,50,"['140', '70', '45', '85', '50', '45', '435']"
41,超音蝠,毒/飛行,精神力,穿透,蝙蝠宝可梦,0.8m,7.5kg,255,"['40', '45', '35', '30', '40', '55', '245']"
42,大嘴蝠,毒/飛行,精神力,穿透,蝙蝠宝可梦,1.6m,55.0kg,90,"['75', '80', '70', '65', '75', '90', '455']"
43,走路草,草/毒,叶绿素,逃跑,杂草宝可梦,0.5m,5.4kg,255,"['45', '50', '55', '75', '65', '30', '320']"
44,臭臭花,草/毒,叶绿素,恶臭,杂草宝可梦,0.8m,8.6kg,120,"['60', '65', '70', '85', '75', '40', '395']"
45,霸王花,草/毒,叶绿素,孢子,花宝可梦,1.2m,18.6kg,45,"['75', '80', '85', '110', '90', '50', '490']"
46,派拉斯,虫/草,干燥皮肤/孢子,湿气,蘑菇宝可梦,0.3m,5.4kg,190,"['35', '70', '55', '45', '55', '25', '285']"
47,派拉斯特,虫/草,干燥皮肤/孢子,湿气,蘑菇宝可梦,1.0m,29.5kg,75,"['60', '95', '80', '60', '80', '30', '405']"
48,毛球,虫/毒,有色眼镜/复眼,逃跑,昆虫宝可梦,1.0m,30.0kg,190,"['60', '55', '50', '40', '55', '45', '305']"
49,摩鲁蛾,虫/毒,有色眼镜/鳞粉,奇迹皮肤,毒蛾宝可梦,1.5m,12.5kg,75,"['70', '65', '60', '90', '75', '90', '450']"
50,地鼠,地面,沙隐/沙穴,沙之力,鼹鼠宝可梦,0.2m,0.8kg,255,"['10', '55', '25', '35', '45', '95', '265']"
51,三地鼠,地面,沙隐/沙穴,沙之力,鼹鼠宝可梦,0.7m,33.3kg,50,"['35', '100', '50', '50', '70', '120', '425']"
52,喵喵,钢,捡拾/技术高手,紧张感,妖怪猫宝可梦,0.4m,4.2kg,255,"['40', '45', '35', '40', '40', '90', '290']"
53,猫老大,一般,技术高手/柔软,紧张感,暹罗猫宝可梦,1.0m,32.0kg,90,"['65', '70', '60', '65', '65', '115', '440']"
54,可达鸭,水,湿气/无关天气,悠游自如,鸭宝可梦,0.8m,19.6kg,190,"['50', '52', '48', '65', '50', '55', '320']"
55,哥达鸭,水,湿气/无关天气,悠游自如,鸭宝可梦,1.7m,76.6kg,75,"['80', '82', '78', '95', '80', '85', '500']"
56,猴怪,格斗,愤怒穴位/干劲,不服输,猪猴宝可梦,0.5m,28.0kg,190,"['40', '80', '35', '35', '45', '70', '305']"
57,火爆猴,格斗,愤怒穴位/干劲,不服输,豬猴宝可梦,1.0m,32.0kg,75,"['65', '105', '60', '60', '70', '95', '455']"
58,卡蒂狗,火,威吓/引火,正义之心,小狗宝可梦,0.7m,19.0kg,190,"['55', '70', '45', '70', '50', '60', '350']"
59,风速狗,火,威吓/引火,正义之心,传说宝可梦,1.9m,155.0kg,75,"['90', '110', '80', '100', '80', '95', '555']"
60,蚊香蝌蚪,水,储水/湿气,悠游自如,蝌蚪宝可梦,0.6m,12.4kg,255,"['40', '50', '40', '40', '40', '90', '300']"
61,蚊香君,水,储水/湿气,悠游自如,蝌蚪宝可梦,1.0m,20.0kg,120,"['65', '65', '65', '50', '50', '90', '385']"
62,蚊香泳士,水/格斗,储水/湿气,悠游自如,蝌蚪宝可梦,1.3m,54.0kg,45,"['90', '95', '95', '70', '90', '70', '510']"
63,凯西,超能力,同步/精神力,魔法防守,念力宝可梦,0.9m,19.5kg,200,"['25', '20', '15', '105', '55', '90', '310']"
64,勇基拉,超能力,同步/精神力,魔法防守,念力宝可梦,1.3m,56.5kg,100,"['40', '35', '30', '120', '70', '105', '400']"
65,胡地,超能力,同步/精神力,魔法防守,念力宝可梦,1.5m,48.0kg,50,"['55', '50', '45', '135', '95', '120', '500']"
66,腕力,格斗,毅力/无防守,不屈之心,怪力宝可梦,0.8m,19.5kg,180,"['70', '80', '50', '35', '35', '35', '305']"
67,豪力,格斗,毅力/无防守,不屈之心,怪力宝可梦,1.5m,70.5kg,90,"['80', '100', '70', '50', '60', '45', '405']"
68,怪力,格斗,毅力/无防守,不屈之心,怪力宝可梦,1.6m,130.0kg,45,"['90', '130', '80', '65', '85', '55', '505']"
69,喇叭芽,草/毒,叶绿素,贪吃鬼,花宝可梦,0.7m,4.0kg,255,"['50', '75', '35', '70', '30', '40', '300']"
70,口呆花,草/毒,叶绿素,贪吃鬼,捕蝇宝可梦,1.0m,6.4kg,120,"['65', '90', '50', '85', '45', '55', '390']"
71,大食花,草/毒,叶绿素,贪吃鬼,捕蝇宝可梦,1.7m,15.5kg,45,"['80', '105', '65', '100', '70', '70', '490']"
72,玛瑙水母,水/毒,污泥浆/恒净之躯,雨盘,水母宝可梦,0.9m,45.5kg,190,"['40', '40', '35', '50', '100', '70', '335']"
73,毒刺水母,水/毒,污泥浆/恒净之躯,雨盘,水母宝可梦,1.6m,55.0kg,60,"['80', '70', '65', '80', '120', '100', '515']"
74,小拳石,岩石/地面,坚硬脑袋/结实,沙隐,岩石宝可梦,0.4m,20.0kg,255,"['40', '80', '100', '30', '30', '20', '300']"
75,隆隆石,岩石/地面,坚硬脑袋/结实,沙隐,岩石宝可梦,1.0m,105.0kg,120,"['55', '95', '115', '45', '45', '35', '390']"
76,隆隆岩,岩石/地面,坚硬脑袋/结实,沙隐,重量级宝可梦,1.4m,300.0kg,45,"['80', '120', '130', '55', '65', '45', '495']"
77,小火马,超能力,逃跑/引火,火焰之躯,火马宝可梦,1.0m,30.0kg,190,"['50', '85', '55', '65', '65', '90', '410']"
78,烈焰马,超能力/妖精,逃跑/引火,火焰之躯,火马宝可梦,1.7m,95.0kg,60,"['65', '100', '70', '80', '80', '105', '500']"
79,呆呆兽,超能力,我行我素/迟钝,再生力,憨憨宝可梦,1.2m,36.0kg,190,"['90', '65', '65', '40', '40', '15', '315']"
80,呆壳兽,毒/超能力,我行我素/迟钝,再生力,寄居蟹宝可梦,1.6m,78.5kg,75,"['95', '75', '110', '100', '80', '30', '490']"
81,小磁怪,電/鋼,磁力/结实,分析,磁铁宝可梦,0.3m,6.0kg,190,"['25', '35', '70', '95', '55', '45', '325']"
82,三合一磁怪,電/鋼,磁力/结实,分析,磁铁宝可梦,1.0m,60.0kg,60,"['50', '60', '95', '120', '70', '70', '465']"
83,大葱鸭,格斗,锐利目光/精神力,不服输,黄嘴鸭宝可梦,0.8m,15.0kg,45,"['52', '90', '55', '58', '62', '60', '377']"
84,嘟嘟,一般/飛行,逃跑/早起,蹒跚,两头鸟宝可梦,1.4m,39.2kg,190,"['35', '85', '45', '35', '35', '75', '310']"
85,嘟嘟利,一般/飛行,逃跑/早起,蹒跚,三头鸟宝可梦,1.8m,85.2kg,45,"['60', '110', '70', '60', '60', '110', '470']"
86,小海狮,水,厚脂肪/湿润之躯,冰冻之躯,海狮宝可梦,1.1m,90.0kg,190,"['65', '45', '55', '45', '70', '45', '325']"
87,白海狮,水/冰,厚脂肪/湿润之躯,冰冻之躯,海狮宝可梦,1.7m,120.0kg,75,"['90', '70', '80', '70', '95', '70', '475']"
88,臭泥,毒,恶臭/黏着,毒手,污泥宝可梦,0.9m,30.0kg,190,"['80', '80', '50', '40', '50', '25', '325']"
89,臭臭泥,毒,恶臭/黏着,毒手,污泥宝可梦,1.2m,30.0kg,75,"['105', '105', '75', '65', '100', '50', '500']"
90,大舌贝,水,硬壳盔甲/连续攻击,防尘,双壳贝宝可梦,0.3m,4.0kg,190,"['30', '65', '100', '45', '25', '40', '305']"
91,刺甲贝,水/冰,硬壳盔甲/连续攻击,防尘,双壳贝宝可梦,1.5m,132.5kg,60,"['50', '95', '180', '85', '45', '70', '525']"
92,鬼斯,幽灵/毒,飘浮,,气体状宝可梦,1.3m,0.1kg,190,"['30', '35', '30', '100', '35', '80', '310']"
93,鬼斯通,幽灵/毒,飘浮,,气体状宝可梦,1.6m,0.1kg,90,"['45', '50', '45', '115', '55', '95', '405']"
94,耿鬼,幽灵/毒,诅咒之躯,,影子宝可梦,1.5m,40.5kg,45,"['60', '65', '60', '130', '75', '110', '500']"
95,大岩蛇,岩石/地面,结实/坚硬脑袋,碎裂铠甲,岩蛇宝可梦,8.8m,210.0kg,45,"['35', '45', '160', '30', '45', '70', '385']"
96,催眠貘,超能力,不眠/预知梦,精神力,催眠宝可梦,1.0m,32.4kg,190,"['60', '48', '45', '43', '90', '42', '328']"
97,引梦貘人,超能力,不眠/预知梦,精神力,催眠宝可梦,1.6m,75.6kg,75,"['85', '73', '70', '73', '115', '67', '483']"
98,大钳蟹,水,硬壳盔甲/怪力钳,强行,清水蟹宝可梦,0.4m,6.5kg,225,"['30', '105', '90', '25', '25', '50', '325']"
99,巨钳蟹,水,硬壳盔甲/怪力钳,强行,钳子宝可梦,1.3m,60.0kg,60,"['55', '130', '115', '50', '50', '75', '475']"
100,霹雳电球,電,隔音/静电,引爆,球宝可梦,0.5m,10.4kg,190,"['40', '30', '50', '55', '55', '100', '330']"
101,顽皮雷弹,電,隔音/静电,引爆,球宝可梦,1.2m,66.6kg,60,"['60', '50', '70', '80', '80', '150', '490']"
102,蛋蛋,草/超能力,叶绿素,收获,蛋宝可梦,0.4m,2.5kg,90,"['60', '40', '80', '60', '45', '40', '325']"
103,椰蛋树,草/超能力,叶绿素,收获,椰子宝可梦,2.0m,120.0kg,45,"['95', '95', '85', '125', '75', '55', '530']"
104,卡拉卡拉,地面,坚硬脑袋/避雷针,战斗盔甲,孤独宝可梦,0.4m,6.5kg,190,"['50', '50', '95', '40', '50', '35', '320']"
105,嘎啦嘎啦,地面,坚硬脑袋/避雷针,战斗盔甲,爱骨宝可梦,1.0m,45.0kg,75,"['60', '80', '110', '50', '80', '45', '425']"
106,飞腿郎,格斗,舍身/柔软,轻装,踢腿宝可梦,1.5m,49.8kg,45,"['50', '120', '53', '35', '110', '87', '455']"
107,快拳郎,格斗,锐利目光/铁拳,精神力,拳击宝可梦,1.4m,50.2kg,45,"['50', '105', '79', '35', '110', '76', '455']"
108,大舌头,一般,我行我素/迟钝,无关天气,舔舔宝可梦,1.2m,65.5kg,45,"['90', '55', '75', '60', '75', '30', '385']"
109,瓦斯弹,毒,飘浮/化学变化气体,恶臭,毒气宝可梦,0.6m,1.0kg,190,"['40', '65', '95', '60', '45', '35', '340']"
110,双弹瓦斯,毒,飘浮/化学变化气体,恶臭,毒气宝可梦,1.2m,9.5kg,60,"['65', '90', '120', '85', '70', '60', '490']"
111,独角犀牛,地面/岩石,避雷针/坚硬脑袋,舍身,尖尖宝可梦,1.0m,115.0kg,120,"['80', '85', '95', '30', '30', '25', '345']"
112,钻角犀兽,地面/岩石,避雷针/坚硬脑袋,舍身,钻锥宝可梦,1.9m,120.0kg,60,"['105', '130', '120', '45', '45', '40', '485']"
113,吉利蛋,一般,自然回复/天恩,治愈之心,蛋宝可梦,1.1m,34.6kg,30,"['250', '5', '5', '35', '105', '50', '450']"
114,蔓藤怪,草,叶子防守/叶绿素,再生力,藤蔓状宝可梦,1.0m,35.0kg,45,"['65', '55', '115', '100', '40', '60', '435']"
115,袋兽,一般,胆量/早起,精神力,亲子宝可梦,2.2m,80.0kg,45,"['105', '95', '80', '40', '80', '90', '490']"
116,墨海马,水,悠游自如/狙击手,湿气,龙宝可梦,0.4m,8.0kg,225,"['30', '40', '70', '70', '25', '60', '295']"
117,海刺龙,水,毒刺/狙击手,湿气,龙宝可梦,1.2m,25.0kg,75,"['55', '65', '95', '95', '45', '85', '440']"
118,角金鱼,水,悠游自如/水幕,避雷针,金鱼宝可梦,0.6m,15.0kg,225,"['45', '67', '60', '35', '50', '63', '320']"
119,金鱼王,水,悠游自如/水幕,避雷针,金鱼宝可梦,1.3m,39.0kg,60,"['80', '92', '65', '65', '80', '68', '450']"
120,海星星,水,发光/自然回复,分析,星形宝可梦,0.8m,34.5kg,225,"['30', '45', '55', '70', '55', '85', '340']"
121,宝石海星,水/超能力,发光/自然回复,分析,谜宝可梦,1.1m,80.0kg,60,"['60', '75', '85', '100', '85', '115', '520']"
122,魔墙人偶,冰/超能力,隔音/过滤,技术高手,屏障宝可梦,1.3m,54.5kg,45,"['40', '45', '65', '100', '120', '90', '460']"
123,飞天螳螂,虫/飞行,蟲之預感/技术高手,不屈之心,螳螂宝可梦,1.5m,56.0kg,45,"['70', '110', '80', '55', '80', '105', '500']"
124,迷唇姐,冰/超能力,迟钝/预知梦,干燥皮肤,人形宝可梦,1.4m,40.6kg,45,"['65', '50', '35', '115', '95', '95', '455']"
125,电击兽,电,静电,干劲,电击宝可梦,1.1m,30.0kg,45,"['65', '83', '57', '95', '85', '105', '490']"
126,鸭嘴火兽,火,火焰之躯,干劲,吐火宝可梦,1.3m,44.5kg,45,"['65', '95', '57', '100', '85', '93', '495']"
127,凯罗斯,蟲,破格/怪力钳,自信过度,锹形虫宝可梦,1.5m,55.0kg,45,"['65', '125', '100', '55', '70', '85', '500']"
128,肯泰罗,一般,威吓/愤怒穴位,强行,暴牛宝可梦,1.4m,88.4kg,45,"['75', '100', '95', '40', '70', '110', '490']"
129,鲤鱼王,水,悠游自如,胆怯,鱼宝可梦,0.9m,10.0kg,255,"['20', '10', '55', '15', '20', '80', '200']"
130,暴鲤龙,水/飛行,威吓,自信过度,凶恶宝可梦,6.5m,235.0kg,45,"['95', '125', '79', '60', '100', '81', '540']"
131,拉普拉斯,水/冰,储水/硬壳盔甲,湿润之躯,乘载宝可梦,2.5m,220.0kg,45,"['130', '85', '80', '85', '95', '60', '535']"
132,百变怪,一般,柔软,变身者,变身宝可梦,0.3m,4.0kg,35,"['48', '48', '48', '48', '48', '48', '288']"
133,伊布,一般,逃跑/适应力,危险预知,进化宝可梦,0.3m,6.5kg,45,"['55', '55', '50', '45', '65', '55', '325']"
134,水伊布,水,储水,湿润之躯,吐泡宝可梦,1.0m,29.0kg,45,"['130', '65', '60', '110', '95', '65', '525']"
135,雷伊布,电,蓄电,飞毛腿,雷宝可梦,0.8m,24.5kg,45,"['65', '65', '60', '110', '95', '130', '525']"
136,火伊布,火,引火,毅力,火宝可梦,0.9m,25.0kg,45,"['65', '130', '60', '95', '110', '65', '525']"
137,多边兽,一般,复制/下载,分析,虚拟宝可梦,0.8m,36.5kg,45,"['65', '60', '70', '85', '75', '40', '395']"
138,菊石兽,岩石/水,硬壳盔甲/悠游自如,碎裂铠甲,漩涡宝可梦,0.4m,7.5kg,45,"['35', '40', '100', '90', '55', '35', '355']"
139,多刺菊石兽,岩石/水,硬壳盔甲/悠游自如,碎裂铠甲,漩涡宝可梦,1.0m,35.0kg,45,"['70', '60', '125', '115', '70', '55', '495']"
140,化石盔,岩石/水,战斗盔甲/悠游自如,碎裂铠甲,甲壳宝可梦,0.5m,11.5kg,45,"['30', '80', '90', '55', '45', '55', '355']"
141,镰刀盔,岩石/水,战斗盔甲/悠游自如,碎裂铠甲,甲壳宝可梦,1.3m,40.5kg,45,"['60', '115', '105', '65', '70', '80', '495']"
142,化石翼龙,岩石/飞行,坚硬脑袋/压迫感,紧张感,化石宝可梦,1.8m,59.0kg,45,"['80', '105', '65', '60', '75', '130', '515']"
143,卡比兽,一般,厚脂肪/免疫,贪吃鬼,瞌睡宝可梦,2.1m,460.0kg,25,"['160', '110', '65', '65', '110', '30', '540']"
144,急冻鸟,超能力/飞行,压迫感,雪隐,冰冻宝可梦,1.7m,55.4kg,3,"['90', '85', '100', '95', '125', '85', '580']"
145,闪电鸟,格斗/飞行,压迫感,静电,电击宝可梦,1.6m,52.6kg,3,"['90', '90', '85', '125', '90', '100', '580']"
146,火焰鸟,恶/飞行,压迫感,火焰之躯,火焰宝可梦,2.0m,60.0kg,3,"['90', '100', '90', '125', '85', '90', '580']"
147,迷你龙,龙,蜕皮,神奇鱗片,龙宝可梦,1.8m,3.3kg,45,"['41', '64', '45', '50', '50', '50', '300']"
148,哈克龙,龙,蜕皮,神奇鱗片,龙宝可梦,4.0m,16.5kg,45,"['61', '84', '65', '70', '70', '70', '420']"
149,快龙,龙/飞行,精神力,多重鳞片,龙宝可梦,2.2m,210.0kg,45,"['91', '134', '95', '100', '100', '80', '600']"
150,超梦,超能力,压迫感,紧张感,基因宝可梦,2.0m,122.0kg,3,"['106', '110', '90', '154', '90', '130', '680']"
151,梦幻,超能力,同步,,新种宝可梦,0.4m,4.0kg,45,"['100', '100', '100', '100', '100', '100', '600']"
152,菊草叶,草,茂盛,叶子防守,叶子宝可梦,0.9m,6.4kg,45,"['45', '49', '65', '49', '65', '45', '318']"
153,月桂叶,草,茂盛,叶子防守,叶子宝可梦,1.2m,15.8kg,45,"['60', '62', '80', '63', '80', '60', '405']"
154,大竺葵,草,茂盛,叶子防守,芳草宝可梦,1.8m,100.5kg,45,"['80', '82', '100', '83', '100', '80', '525']"
155,火球鼠,火,猛火,引火,火鼠宝可梦,0.5m,7.9kg,45,"['39', '52', '43', '60', '50', '65', '309']"
156,火岩鼠,火,猛火,引火,火山宝可梦,0.9m,19.0kg,45,"['58', '64', '58', '80', '65', '80', '405']"
157,火暴兽,火,猛火,引火,火山宝可梦,1.7m,79.5kg,45,"['78', '84', '78', '109', '85', '100', '534']"
158,小锯鳄,水,激流,强行,大颚宝可梦,0.6m,9.5kg,45,"['50', '65', '64', '44', '48', '43', '314']"
159,蓝鳄,水,激流,强行,大颚宝可梦,1.1m,25.0kg,45,"['65', '80', '80', '59', '63', '58', '405']"
160,大力鳄,水,激流,强行,大颚宝可梦,2.3m,88.8kg,45,"['85', '105', '100', '79', '83', '78', '530']"
161,尾立,一般,锐利目光/逃跑,察觉,放哨宝可梦,0.8m,6.0kg,255,"['35', '46', '34', '35', '45', '20', '215']"
162,大尾立,一般,锐利目光/逃跑,察觉,长躯干宝可梦,1.8m,32.5kg,90,"['85', '76', '64', '45', '55', '90', '415']"
163,咕咕,一般/飞行,锐利目光/不眠,有色眼镜,猫头鹰宝可梦,0.7m,21.2kg,255,"['60', '30', '30', '36', '56', '50', '262']"
164,猫头夜鹰,一般/飞行,锐利目光/不眠,有色眼镜,猫头鹰宝可梦,1.6m,40.8kg,90,"['100', '50', '50', '86', '96', '70', '452']"
165,芭瓢虫,虫/飞行,虫之预感/早起,胆怯,五星宝可梦,1.0m,10.8kg,255,"['40', '20', '30', '40', '80', '55', '265']"
166,安瓢虫,虫/飞行,蟲之預感/早起,铁拳,五星宝可梦,1.4m,35.6kg,90,"['55', '35', '50', '55', '110', '85', '390']"
167,圆丝蛛,虫/毒,蟲之預感/不眠,狙击手,吐丝宝可梦,0.5m,8.5kg,255,"['40', '60', '40', '40', '40', '30', '250']"
168,阿利多斯,虫/毒,蟲之預感/不眠,狙击手,长腿宝可梦,1.1m,33.5kg,90,"['70', '90', '70', '60', '70', '40', '400']"
169,叉字蝠,毒/飛行,精神力,穿透,蝙蝠宝可梦,1.8m,75.0kg,90,"['85', '90', '80', '70', '80', '130', '535']"
170,灯笼鱼,水/電,发光/蓄电,储水,琵琶鱼宝可梦,0.5m,12.0kg,190,"['75', '38', '38', '56', '56', '67', '330']"
171,电灯怪,水/電,发光/蓄电,储水,灯宝可梦,1.2m,22.5kg,75,"['125', '58', '58', '76', '76', '67', '460']"
172,皮丘,電,静电,避雷针,小鼠宝可梦,0.3m,2.0kg,190,"['20', '40', '15', '35', '35', '60', '205']"
173,皮宝宝,妖精,迷人之躯/魔法防守,友情防守,星形宝可梦,0.3m,3.0kg,150,"['50', '25', '28', '45', '55', '15', '218']"
174,宝宝丁,一般/妖精,迷人之躯/好胜,友情防守,气球宝可梦,0.3m,1.0kg,170,"['90', '30', '15', '40', '20', '15', '210']"
175,波克比,妖精,天恩/活力,超幸运,针球宝可梦,0.3m,1.5kg,190,"['35', '20', '65', '40', '65', '20', '245']"
176,波克基古,妖精/飞行,天恩/活力,超幸运,幸福宝可梦,0.6m,3.2kg,75,"['55', '40', '85', '80', '105', '40', '405']"
177,天然雀,超能力/飛行,同步/早起,魔法镜,小鸟宝可梦,0.2m,2.0kg,190,"['40', '50', '45', '70', '45', '70', '320']"
178,天然鸟,超能力/飛行,同步/早起,魔法镜,神秘宝可梦,1.5m,15.0kg,75,"['65', '75', '70', '95', '70', '95', '470']"
179,咩利羊,电,静电,正电,绵毛宝可梦,0.6m,7.8kg,235,"['55', '40', '40', '65', '45', '35', '280']"
180,茸茸羊,电,静电,正电,绵毛宝可梦,0.8m,13.3kg,120,"['70', '55', '55', '80', '60', '45', '365']"
181,电龙,电,静电,正电,灯宝可梦,1.4m,61.5kg,45,"['90', '75', '85', '115', '90', '55', '510']"
182,美丽花,草,叶绿素,治愈之心,花宝可梦,0.4m,5.8kg,45,"['75', '80', '95', '90', '100', '50', '490']"
183,玛力露,水/妖精,大力士/厚脂肪,食草,水鼠宝可梦,0.4m,8.5kg,190,"['70', '20', '50', '20', '50', '40', '250']"
184,玛力露丽,水/妖精,大力士/厚脂肪,食草,水兔宝可梦,0.8m,28.5kg,75,"['100', '50', '80', '60', '80', '50', '420']"
185,树才怪,岩石,结实/坚硬脑袋,胆怯,模仿宝可梦,1.2m,38.0kg,65,"['70', '100', '115', '30', '65', '30', '410']"
186,蚊香蛙皇,水,储水/湿气,降雨,蛙宝可梦,1.1m,33.9kg,45,"['90', '75', '75', '90', '100', '70', '500']"
187,毽子草,草/飞行,叶绿素/叶子防守,穿透,棉草宝可梦,0.4m,0.5kg,255,"['35', '35', '40', '35', '55', '50', '250']"
188,毽子花,草/飞行,叶绿素/叶子防守,穿透,棉草宝可梦,0.6m,1.0kg,120,"['55', '45', '50', '45', '65', '80', '340']"
189,毽子棉,草/飞行,叶绿素/叶子防守,穿透,棉草宝可梦,0.8m,3.0kg,45,"['75', '55', '70', '55', '95', '110', '460']"
190,长尾怪手,一般,逃跑/捡拾,连续攻击,长尾宝可梦,0.8m,11.5kg,45,"['55', '70', '55', '40', '55', '85', '360']"
191,向日种子,草,叶绿素/太阳之力,早起,种子宝可梦,0.3m,1.8kg,235,"['30', '30', '30', '30', '30', '30', '180']"
192,向日花怪,草,叶绿素/太阳之力,早起,太阳宝可梦,0.8m,8.5kg,120,"['75', '75', '55', '105', '85', '30', '425']"
193,蜻蜻蜓,虫/飞行,加速/复眼,察觉,薄翼宝可梦,1.2m,38.0kg,75,"['65', '65', '45', '75', '45', '95', '390']"
194,乌波,水/地面,储水/湿气,纯朴,水鱼宝可梦,0.4m,8.5kg,255,"['55', '45', '45', '25', '25', '15', '210']"
195,沼王,水/地面,储水/湿气,纯朴,水鱼宝可梦,1.4m,75.0kg,90,"['95', '85', '85', '65', '65', '35', '430']"
196,太阳伊布,超能力,同步,魔法镜,太阳宝可梦,0.9m,26.5kg,45,"['65', '65', '60', '130', '95', '110', '525']"
197,月亮伊布,恶,同步,精神力,月光宝可梦,1.0m,27.0kg,45,"['95', '65', '110', '60', '130', '65', '525']"
198,黑暗鸦,惡/飞行,超幸运/不眠,恶作剧之心,黑暗宝可梦,0.5m,2.1kg,30,"['60', '85', '42', '85', '42', '91', '405']"
199,呆呆王,毒/超能力,我行我素/迟钝,再生力,王者宝可梦,2.0m,79.5kg,70,"['95', '75', '80', '100', '110', '30', '490']"
200,梦妖,幽灵,飘浮,,夜啼宝可梦,0.7m,1.0kg,45,"['60', '60', '60', '85', '85', '85', '435']"
201,未知图腾,超能力,飘浮,,象征宝可梦,0.5m,5.0kg,225,"['48', '72', '48', '72', '48', '48', '336']"
202,果然翁,超能力,踩影,心灵感应,忍耐宝可梦,1.3m,28.5kg,45,"['190', '33', '58', '33', '58', '33', '405']"
203,麒麟奇,一般/超能力,早起/精神力,食草,长颈宝可梦,1.5m,41.5kg,60,"['70', '80', '65', '90', '65', '85', '455']"
204,榛果球,虫,结实,防尘,蓑衣虫宝可梦,0.6m,7.2kg,190,"['50', '65', '90', '35', '35', '15', '290']"
205,佛烈托斯,虫/钢,结实,防尘,蓑衣虫宝可梦,1.2m,125.8kg,75,"['75', '90', '140', '60', '60', '40', '465']"
206,土龙弟弟,一般,逃跑/天恩,胆怯,地蛇宝可梦,1.5m,14.0kg,190,"['100', '70', '70', '65', '65', '45', '415']"
207,天蝎,地面/飞行,沙隐/怪力钳,免疫,飞蝎宝可梦,1.1m,64.8kg,60,"['65', '75', '105', '35', '65', '85', '430']"
208,大钢蛇,钢/地面,结实/坚硬脑袋,强行,铁蛇宝可梦,9.2m,400.0kg,25,"['75', '85', '200', '55', '65', '30', '510']"
209,布鲁,妖精,威吓/逃跑,胆怯,妖精宝可梦,0.6m,7.8kg,190,"['60', '80', '50', '40', '40', '30', '300']"
210,布鲁皇,妖精,威吓/飞毛腿,胆怯,妖精宝可梦,1.4m,48.7kg,75,"['90', '120', '75', '60', '60', '45', '450']"
211,千针鱼,水/毒,悠游自如/毒刺,威吓,气球宝可梦,0.5m,3.9kg,45,"['65', '95', '85', '55', '55', '85', '440']"
212,巨钳螳螂,虫/钢,蟲之預感/技术高手,轻金属,钳子宝可梦,1.8m,118.0kg,25,"['70', '130', '100', '55', '80', '65', '500']"
213,壶壶,虫/岩石,贪吃鬼/结实,唱反调,发酵宝可梦,0.6m,20.5kg,190,"['20', '10', '230', '10', '230', '5', '505']"
214,赫拉克罗斯,蟲/格斗,毅力/蟲之預感,自信过度,独角宝可梦,1.5m,54.0kg,45,"['80', '125', '75', '40', '95', '85', '500']"
215,狃拉,恶/冰,锐利目光/精神力,顺手牵羊,钩爪宝可梦,0.9m,28.0kg,60,"['55', '95', '55', '35', '75', '115', '430']"
216,熊宝宝,一般,捡拾/飞毛腿,采蜜,小熊宝可梦,0.6m,8.8kg,120,"['60', '80', '50', '50', '50', '40', '330']"
217,圈圈熊,一般,毅力/飞毛腿,紧张感,冬眠宝可梦,1.8m,125.8kg,60,"['90', '130', '75', '75', '75', '55', '500']"
218,熔岩虫,火,火焰之躯/熔岩铠甲,碎裂铠甲,熔岩宝可梦,0.7m,35.0kg,190,"['40', '40', '40', '70', '40', '20', '250']"
219,熔岩蜗牛,火/岩石,火焰之躯/熔岩铠甲,碎裂铠甲,熔岩宝可梦,0.8m,55.0kg,75,"['60', '50', '120', '90', '80', '30', '430']"
220,小山猪,冰/地面,雪隐/迟钝,厚脂肪,小猪宝可梦,0.4m,6.5kg,225,"['50', '50', '40', '30', '30', '50', '250']"
221,长毛猪,冰/地面,雪隐/迟钝,厚脂肪,野猪宝可梦,1.1m,55.8kg,75,"['100', '100', '80', '60', '60', '50', '450']"
222,太阳珊瑚,水/岩石,活力/自然回复,再生力,珊瑚宝可梦,0.6m,5.0kg,60,"['65', '55', '95', '65', '95', '35', '410']"
223,铁炮鱼,水,活力/狙击手,心情不定,喷射宝可梦,0.6m,12.0kg,190,"['35', '65', '35', '65', '35', '65', '300']"
224,章鱼桶,水,吸盘/狙击手,心情不定,喷射宝可梦,0.9m,28.5kg,75,"['75', '105', '75', '105', '75', '45', '480']"
225,信使鸟,冰/飞行,活力/干劲,不眠,搬运宝可梦,0.9m,16.0kg,45,"['45', '55', '45', '65', '45', '75', '330']"
226,巨翅飞鱼,水/飞行,储水/悠游自如,水幕,风筝宝可梦,2.1m,220.0kg,25,"['85', '40', '70', '80', '140', '70', '485']"
227,盔甲鸟,鋼/飛行,锐利目光/结实,碎裂铠甲,钢甲鸟宝可梦,1.7m,50.5kg,25,"['65', '80', '140', '40', '70', '70', '465']"
228,戴鲁比,惡/火,引火/早起,紧张感,阴暗宝可梦,0.6m,10.8kg,120,"['45', '60', '30', '80', '50', '65', '330']"
229,黑鲁加,惡/火,引火/早起,紧张感,阴暗宝可梦,1.4m,35.0kg,45,"['75', '90', '50', '110', '80', '95', '500']"
230,刺龙王,水/龍,悠游自如/狙击手,湿气,龙宝可梦,1.8m,152.0kg,45,"['75', '95', '95', '95', '95', '85', '540']"
231,小小象,地面,捡拾,沙隐,长鼻宝可梦,0.5m,33.5kg,120,"['90', '60', '60', '40', '40', '40', '330']"
232,顿甲,地面,结实,沙隐,铠甲宝可梦,1.1m,120.0kg,60,"['90', '120', '120', '60', '60', '50', '500']"
233,多边兽Ⅱ,一般,复制/下载,分析,虚拟宝可梦,0.6m,32.5kg,45,"['85', '80', '90', '105', '95', '60', '515']"
234,惊角鹿,一般,察觉/威吓,食草,大角宝可梦,1.4m,71.2kg,45,"['73', '95', '62', '85', '65', '85', '465']"
235,图图犬,一般,技术高手/我行我素,心情不定,画画宝可梦,1.2m,58.0kg,45,"['55', '20', '35', '20', '45', '75', '250']"
236,无畏小子,格斗,毅力/不屈之心,干劲,打斗宝可梦,0.7m,21.0kg,75,"['35', '35', '35', '35', '35', '35', '210']"
237,战舞郎,格斗,威吓/技术高手,不屈之心,倒立宝可梦,1.4m,48.0kg,45,"['50', '95', '95', '35', '110', '70', '455']"
238,迷唇娃,冰/超能力,迟钝/预知梦,湿润之躯,亲吻宝可梦,0.4m,6.0kg,45,"['45', '30', '15', '85', '65', '65', '305']"
239,电击怪,电,静电,干劲,电气宝可梦,0.6m,23.5kg,45,"['45', '63', '37', '65', '55', '95', '360']"
240,鸭嘴宝宝,火,火焰之躯,干劲,火种宝可梦,0.7m,21.4kg,45,"['45', '75', '37', '70', '55', '83', '365']"
241,大奶罐,一般,厚脂肪/胆量,食草,奶牛宝可梦,1.2m,75.5kg,45,"['95', '80', '105', '40', '70', '100', '490']"
242,幸福蛋,一般,自然回复/天恩,治愈之心,幸福宝可梦,1.5m,46.8kg,30,"['255', '10', '10', '75', '135', '55', '540']"
243,雷公,电,压迫感,精神力,天雷宝可梦,1.9m,178.0kg,3,"['90', '85', '75', '115', '100', '115', '580']"
244,炎帝,火,压迫感,精神力,火山宝可梦,2.1m,198.0kg,3,"['115', '115', '85', '90', '75', '100', '580']"
245,水君,水,压迫感,精神力,极光宝可梦,2.0m,187.0kg,3,"['100', '75', '115', '90', '115', '85', '580']"
246,幼基拉斯,岩石/地面,毅力,沙隐,岩石肤宝可梦,0.6m,72.0kg,45,"['50', '64', '50', '45', '50', '41', '300']"
247,沙基拉斯,岩石/地面,蜕皮,,子弹宝可梦,1.2m,152.0kg,45,"['70', '84', '70', '65', '70', '51', '410']"
248,班基拉斯,岩石/恶,扬沙,紧张感,铠甲宝可梦,2.0m,202.0kg,45,"['100', '134', '110', '95', '100', '61', '600']"
249,洛奇亚,超能力/飞行,压迫感,多重鳞片,潜水宝可梦,5.2m,216.0kg,3,"['106', '90', '130', '90', '154', '110', '680']"
250,凤王,火/飞行,压迫感,再生力,虹色宝可梦,3.8m,199.0kg,3,"['106', '130', '90', '110', '154', '90', '680']"
251,时拉比,超能力/草,自然回复,,时空穿越宝可梦,0.6m,5.0kg,45,"['100', '100', '100', '100', '100', '100', '600']"
252,木守宫,草,茂盛,轻装,林蜥宝可梦,0.5m,5.0kg,45,"['40', '45', '35', '65', '55', '70', '310']"
253,森林蜥蜴,草,茂盛,轻装,林蜥宝可梦,0.9m,21.6kg,45,"['50', '65', '45', '85', '65', '95', '405']"
254,蜥蜴王,草,茂盛,轻装,密林宝可梦,1.7m,52.2kg,45,"['70', '85', '65', '105', '85', '120', '530']"
255,火稚鸡,火,猛火,加速,雏鸡宝可梦,0.4m,2.5kg,45,"['45', '60', '40', '70', '50', '45', '310']"
256,力壮鸡,火/格斗,猛火,加速,幼鸡宝可梦,0.9m,19.5kg,45,"['60', '85', '60', '85', '60', '55', '405']"
257,火焰鸡,火/格斗,猛火,加速,猛火宝可梦,1.9m,52.0kg,45,"['80', '120', '70', '110', '70', '80', '530']"
258,水跃鱼,水,激流,湿气,沼鱼宝可梦,0.4m,7.6kg,45,"['50', '70', '50', '50', '50', '40', '310']"
259,沼跃鱼,水/地面,激流,湿气,沼鱼宝可梦,0.7m,28.0kg,45,"['70', '85', '70', '60', '70', '50', '405']"
260,巨沼怪,水/地面,激流,湿气,沼鱼宝可梦,1.5m,81.9kg,45,"['100', '110', '90', '85', '90', '60', '535']"
261,土狼犬,惡,逃跑/飞毛腿,胆怯,紧咬宝可梦,0.5m,13.6kg,255,"['35', '55', '35', '30', '30', '35', '220']"
262,大狼犬,惡,威吓/飞毛腿,自信过度,紧咬宝可梦,1.0m,37.0kg,127,"['70', '90', '70', '60', '60', '70', '420']"
263,蛇纹熊,一般,捡拾/贪吃鬼,飞毛腿,豆狸宝可梦,0.4m,17.5kg,255,"['38', '30', '41', '30', '41', '60', '240']"
264,直冲熊,一般,捡拾/贪吃鬼,飞毛腿,猛冲宝可梦,0.5m,32.5kg,90,"['78', '70', '61', '50', '61', '100', '420']"
265,刺尾虫,蟲,鳞粉,逃跑,虫宝宝宝可梦,0.3m,3.6kg,255,"['45', '45', '35', '20', '30', '20', '195']"
266,甲壳茧,蟲,蜕皮,,蛹宝可梦,0.6m,10.0kg,120,"['50', '35', '55', '25', '25', '15', '205']"
267,狩猎凤蝶,蟲/飛行,虫之预感,斗争心,蝴蝶宝可梦,1.0m,28.4kg,45,"['60', '70', '50', '100', '50', '65', '395']"
268,盾甲茧,蟲,蜕皮,,蛹宝可梦,0.7m,11.5kg,120,"['50', '35', '55', '25', '25', '15', '205']"
269,毒粉蛾,蟲/毒,鳞粉,复眼,毒蛾宝可梦,1.2m,31.6kg,45,"['60', '50', '70', '50', '90', '65', '385']"
270,莲叶童子,水/草,雨盘/悠游自如,我行我素,浮萍宝可梦,0.5m,2.6kg,255,"['40', '30', '30', '40', '50', '30', '220']"
271,莲帽小童,水/草,雨盘/悠游自如,我行我素,爽朗宝可梦,1.2m,32.5kg,120,"['60', '50', '50', '60', '70', '50', '340']"
272,乐天河童,水/草,雨盘/悠游自如,我行我素,乐天宝可梦,1.5m,55.0kg,45,"['80', '70', '70', '90', '100', '70', '480']"
273,橡实果,草,早起/叶绿素,顺手牵羊,橡实宝可梦,0.5m,4.0kg,255,"['40', '40', '50', '30', '30', '30', '220']"
274,长鼻叶,草/惡,早起/叶绿素,顺手牵羊,捉弄宝可梦,1.0m,28.0kg,120,"['70', '70', '40', '60', '40', '60', '340']"
275,狡猾天狗,草/惡,乘风/叶绿素,顺手牵羊,邪恶宝可梦,1.3m,59.6kg,45,"['90', '100', '60', '90', '60', '80', '480']"
276,傲骨燕,一般/飛行,毅力,胆量,幼燕宝可梦,0.3m,2.3kg,200,"['40', '55', '30', '30', '30', '85', '270']"
277,大王燕,一般/飛行,毅力,胆量,燕子宝可梦,0.7m,19.8kg,45,"['60', '85', '60', '75', '50', '125', '455']"
278,长翅鸥,水/飛行,湿润之躯/锐利目光,雨盘,海鸥宝可梦,0.6m,9.5kg,190,"['40', '30', '30', '55', '30', '85', '270']"
279,大嘴鸥,水/飛行,降雨/锐利目光,雨盘,水鸟宝可梦,1.2m,28.0kg,45,"['60', '50', '100', '95', '70', '65', '440']"
280,拉鲁拉丝,超能力/妖精,同步/复制,心灵感应,心情宝可梦,0.4m,6.6kg,235,"['28', '25', '25', '45', '35', '40', '198']"
281,奇鲁莉安,超能力/妖精,同步/复制,心灵感应,感情宝可梦,0.8m,20.2kg,120,"['38', '35', '35', '65', '55', '50', '278']"
282,沙奈朵,超能力/妖精,同步/复制,心灵感应,包容宝可梦,1.6m,48.4kg,45,"['68', '65', '65', '125', '115', '80', '518']"
283,溜溜糖球,蟲/水,悠游自如,雨盘,水黾宝可梦,0.5m,1.7kg,200,"['40', '30', '32', '50', '52', '65', '269']"
284,雨翅蛾,蟲/飛行,威吓,紧张感,眼珠宝可梦,0.8m,3.6kg,75,"['70', '60', '62', '100', '82', '80', '454']"
285,蘑蘑菇,草,毒疗/孢子,飞毛腿,蘑菇宝可梦,0.4m,4.5kg,255,"['60', '40', '60', '40', '60', '35', '295']"
286,斗笠菇,草/格斗,毒疗/孢子,技术高手,蘑菇宝可梦,1.2m,39.2kg,90,"['60', '130', '80', '60', '60', '70', '460']"
287,懒人獭,一般,懒惰,,懒人宝可梦,0.8m,24.0kg,255,"['60', '60', '60', '35', '35', '30', '280']"
288,过动猿,一般,干劲,,暴猿宝可梦,1.4m,46.5kg,120,"['80', '80', '80', '55', '55', '90', '440']"
289,请假王,一般,懒惰,,怕麻烦宝可梦,2.0m,130.5kg,45,"['150', '160', '100', '95', '65', '100', '670']"
290,土居忍士,蟲/地面,复眼,逃跑,入门宝可梦,0.5m,5.5kg,255,"['31', '45', '90', '30', '30', '40', '266']"
291,铁面忍者,蟲/飛行,加速,穿透,忍者宝可梦,0.8m,12.0kg,120,"['61', '90', '45', '50', '50', '160', '456']"
292,脱壳忍者,蟲/幽靈,神奇守护,,空壳宝可梦,0.8m,1.2kg,45,"['1', '90', '45', '30', '30', '40', '236']"
293,咕妞妞,一般,隔音,胆怯,细语宝可梦,0.6m,16.3kg,190,"['64', '51', '23', '51', '23', '28', '240']"
294,吼爆弹,一般,隔音,胆量,大声宝可梦,1.0m,40.5kg,120,"['84', '71', '43', '71', '43', '48', '360']"
295,爆音怪,一般,隔音,胆量,噪音宝可梦,1.5m,84.0kg,45,"['104', '91', '63', '91', '73', '68', '490']"
296,幕下力士,格斗,毅力/厚脂肪,强行,毅力宝可梦,1.0m,86.4kg,180,"['72', '60', '30', '20', '30', '25', '237']"
297,铁掌力士,格斗,毅力/厚脂肪,强行,猛推宝可梦,2.3m,253.8kg,200,"['144', '120', '60', '40', '60', '50', '474']"
298,露力丽,一般/妖精,大力士/厚脂肪,食草,水珠宝可梦,0.2m,2.0kg,150,"['50', '20', '40', '20', '40', '20', '190']"
299,朝北鼻,岩石,磁力/结实,沙之力,罗盘宝可梦,1.0m,97.0kg,255,"['30', '45', '135', '45', '90', '30', '375']"
300,向尾喵,一般,迷人之躯/一般皮肤,奇迹皮肤,小猫宝可梦,0.6m,11.0kg,255,"['50', '45', '45', '35', '35', '50', '260']"
301,优雅猫,一般,迷人之躯/一般皮肤,奇迹皮肤,清高宝可梦,1.1m,32.6kg,60,"['70', '65', '65', '55', '55', '90', '400']"
302,勾魂眼,惡/幽靈,慢出/锐利目光,恶作剧之心,黑暗宝可梦,0.5m,11.0kg,45,"['50', '75', '75', '65', '65', '50', '380']"
303,大嘴娃,鋼/妖精,怪力钳/威吓,强行,欺骗宝可梦,0.6m,11.5kg,45,"['50', '85', '85', '55', '55', '50', '380']"
304,可可多拉,鋼/岩石,结实/坚硬脑袋,重金属,铁铠宝可梦,0.4m,60.0kg,180,"['50', '70', '100', '40', '40', '30', '330']"
305,可多拉,鋼/岩石,结实/坚硬脑袋,重金属,铁铠宝可梦,0.9m,120.0kg,90,"['60', '90', '140', '50', '50', '40', '430']"
306,波士可多拉,鋼/岩石,结实/坚硬脑袋,重金属,铁铠宝可梦,2.1m,360.0kg,45,"['70', '110', '180', '60', '60', '50', '530']"
307,玛沙那,格斗/超能力,瑜伽之力,心灵感应,冥想宝可梦,0.6m,11.2kg,180,"['30', '40', '55', '40', '55', '60', '280']"
308,恰雷姆,格斗/超能力,瑜伽之力,心灵感应,冥想宝可梦,1.3m,31.5kg,90,"['60', '60', '75', '60', '75', '80', '410']"
309,落雷兽,電,静电/避雷针,负电,闪电宝可梦,0.6m,15.2kg,120,"['40', '45', '40', '65', '40', '65', '295']"
310,雷电兽,電,静电/避雷针,负电,放电宝可梦,1.5m,40.2kg,45,"['70', '75', '60', '105', '60', '105', '475']"
311,正电拍拍,電,正电,避雷針,加油宝可梦,0.4m,4.2kg,200,"['60', '50', '40', '85', '75', '95', '405']"
312,负电拍拍,電,负电,蓄電,加油宝可梦,0.4m,4.2kg,200,"['60', '40', '50', '75', '85', '95', '405']"
313,电萤虫,蟲,发光/虫之预感,恶作剧之心,萤火虫宝可梦,0.7m,17.7kg,150,"['65', '73', '75', '47', '85', '85', '430']"
314,甜甜萤,蟲,迟钝/有色眼镜,恶作剧之心,萤火虫宝可梦,0.6m,17.7kg,150,"['65', '47', '75', '73', '85', '85', '430']"
315,毒蔷薇,草/毒,毒刺/自然回复,叶子防守,荆棘宝可梦,0.3m,2.0kg,150,"['50', '60', '45', '100', '80', '65', '400']"
316,溶食兽,毒,污泥浆/黏着,贪吃鬼,胃袋宝可梦,0.4m,10.3kg,225,"['70', '43', '53', '43', '53', '40', '302']"
317,吞食兽,毒,污泥浆/黏着,贪吃鬼,毒袋宝可梦,1.7m,80.0kg,75,"['100', '73', '83', '73', '83', '55', '467']"
318,利牙鱼,水/惡,粗糙皮肤,加速,凶猛宝可梦,0.8m,20.8kg,225,"['45', '90', '20', '65', '20', '65', '305']"
319,巨牙鲨,水/惡,粗糙皮肤,加速,凶暴宝可梦,1.8m,88.8kg,60,"['70', '120', '40', '95', '40', '95', '460']"
320,吼吼鲸,水,迟钝/水幕,压迫感,球鲸宝可梦,2.0m,130.0kg,125,"['130', '70', '35', '70', '35', '60', '400']"
321,吼鲸王,水,迟钝/水幕,压迫感,浮鲸宝可梦,14.5m,398.0kg,60,"['170', '90', '45', '90', '45', '60', '500']"
322,呆火驼,火/地面,单纯/迟钝,我行我素,迟钝宝可梦,0.7m,24.0kg,255,"['60', '60', '40', '65', '45', '35', '305']"
323,喷火驼,火/地面,熔岩铠甲/坚硬岩石,愤怒穴位,喷火宝可梦,1.9m,220.0kg,150,"['70', '100', '70', '105', '75', '40', '460']"
324,煤炭龟,火,白色煙霧/日照,硬壳盔甲,煤炭宝可梦,0.5m,80.4kg,90,"['70', '85', '140', '85', '70', '20', '470']"
325,跳跳猪,超能力,我行我素/厚脂肪,贪吃鬼,弹跳宝可梦,0.7m,30.6kg,255,"['60', '25', '35', '70', '80', '60', '330']"
326,噗噗猪,超能力,我行我素/厚脂肪,贪吃鬼,操纵宝可梦,0.9m,71.5kg,60,"['80', '45', '65', '90', '110', '80', '470']"
327,晃晃斑,一般,蹒跚/我行我素,唱反调,斑点熊猫宝可梦,1.1m,5.0kg,255,"['60', '60', '60', '60', '60', '60', '360']"
328,大颚蚁,地面,沙穴/怪力钳,强行,蚁狮宝可梦,0.7m,15.0kg,255,"['45', '100', '45', '45', '45', '10', '290']"
329,超音波幼虫,地面/龍,飘浮,,震动宝可梦,1.1m,15.3kg,120,"['50', '70', '50', '50', '50', '70', '340']"
330,沙漠蜻蜓,地面/龍,飘浮,,神秘宝可梦,2.0m,82.0kg,45,"['80', '100', '80', '80', '80', '100', '520']"
331,刺球仙人掌,草,沙隐,储水,仙人掌宝可梦,0.4m,51.3kg,190,"['50', '85', '40', '85', '40', '35', '335']"
332,梦歌仙人掌,草/惡,沙隐,储水,稻草人宝可梦,1.3m,77.4kg,60,"['70', '115', '60', '115', '60', '55', '475']"
333,青绵鸟,一般/飛行,自然回复,无关天气,绵鸟宝可梦,0.4m,1.2kg,255,"['45', '40', '60', '40', '75', '50', '310']"
334,七夕青鸟,龍/飛行,自然回复,无关天气,哼唱宝可梦,1.1m,20.6kg,45,"['75', '70', '90', '70', '105', '80', '490']"
335,猫鼬斩,一般,免疫,中毒激升,猫鼬宝可梦,1.3m,40.3kg,90,"['73', '115', '60', '60', '60', '90', '458']"
336,饭匙蛇,毒,蜕皮,穿透,牙蛇宝可梦,2.7m,52.5kg,90,"['73', '100', '60', '100', '60', '65', '458']"
337,月石,岩石/超能力,飘浮,,陨石宝可梦,1.0m,168.0kg,45,"['90', '55', '65', '95', '85', '70', '460']"
338,太阳岩,岩石/超能力,飘浮,,陨石宝可梦,1.2m,154.0kg,45,"['90', '95', '85', '55', '65', '70', '460']"
339,泥泥鳅,水/地面,危险预知/迟钝,湿润之躯,须鱼宝可梦,0.4m,1.9kg,190,"['50', '48', '43', '46', '41', '60', '288']"
340,鲶鱼王,水/地面,危险预知/迟钝,湿润之躯,须鱼宝可梦,0.9m,23.6kg,75,"['110', '78', '73', '76', '71', '60', '468']"
341,龙虾小兵,水,怪力钳/硬壳盔甲,适应力,无赖宝可梦,0.6m,11.5kg,205,"['43', '80', '65', '50', '35', '35', '308']"
342,铁螯龙虾,水/惡,怪力钳/硬壳盔甲,适应力,流氓宝可梦,1.1m,32.8kg,155,"['63', '120', '85', '90', '55', '55', '468']"
343,天秤偶,地面/超能力,飘浮,,泥偶宝可梦,0.5m,21.5kg,255,"['40', '40', '55', '40', '70', '55', '300']"
344,念力土偶,地面/超能力,飘浮,,泥偶宝可梦,1.5m,108.0kg,90,"['60', '70', '105', '70', '120', '75', '500']"
345,触手百合,岩石/草,吸盘,引水,海百合宝可梦,1.0m,23.8kg,45,"['66', '41', '77', '61', '87', '23', '355']"
346,摇篮百合,岩石/草,吸盘,引水,藤壶宝可梦,1.5m,60.4kg,45,"['86', '81', '97', '81', '107', '43', '495']"
347,太古羽虫,岩石/蟲,战斗盔甲,悠游自如,古虾宝可梦,0.7m,12.5kg,45,"['45', '95', '50', '40', '50', '75', '355']"
348,太古盔甲,岩石/蟲,战斗盔甲,悠游自如,甲胄宝可梦,1.5m,68.2kg,45,"['75', '125', '100', '70', '80', '45', '495']"
349,丑丑鱼,水,迟钝/悠游自如,适应力,鱼宝可梦,0.6m,7.4kg,255,"['20', '15', '20', '10', '55', '80', '200']"
350,美纳斯,水,神奇鳞片/好胜,迷人之躯,慈爱宝可梦,6.2m,162.0kg,60,"['95', '60', '79', '100', '125', '81', '540']"
351,飄浮泡泡,一般,阴晴不定,,天气宝可梦,0.3m,0.8kg,45,"['70', '70', '70', '70', '70', '70', '420']"
352,变隐龙,一般,变色,變幻自如,变色宝可梦,1.0m,22.0kg,200,"['60', '90', '70', '60', '120', '40', '440']"
353,怨影娃娃,幽靈,不眠/察觉,诅咒之躯,人偶宝可梦,0.6m,2.3kg,225,"['44', '75', '35', '63', '33', '45', '295']"
354,诅咒娃娃,幽靈,不眠/察觉,诅咒之躯,布偶宝可梦,1.1m,12.5kg,45,"['64', '115', '65', '83', '63', '65', '455']"
355,夜巡灵,幽靈,飘浮,察觉,渡魂宝可梦,0.8m,15.0kg,190,"['20', '40', '90', '30', '90', '25', '295']"
356,彷徨夜灵,幽靈,压迫感,察觉,招手宝可梦,1.6m,30.6kg,90,"['40', '70', '130', '60', '130', '25', '455']"
357,热带龙,草/飛行,太阳之力/叶绿素,收获,水果宝可梦,2.0m,100.0kg,200,"['99', '68', '83', '72', '87', '51', '460']"
358,风铃铃,超能力,飘浮,,风铃宝可梦,0.6m,1.0kg,45,"['75', '50', '80', '95', '90', '65', '455']"
359,阿勃梭鲁,惡,超幸运/压迫感,正义之心,灾祸宝可梦,1.2m,47.0kg,30,"['65', '130', '60', '75', '60', '75', '465']"
360,小果然,超能力,踩影,心灵感应,开朗宝可梦,0.6m,14.0kg,125,"['95', '23', '48', '23', '48', '23', '260']"
361,雪童子,冰,冰冻之躯/精神力,心情不定,雪笠宝可梦,0.7m,16.8kg,190,"['50', '50', '50', '50', '50', '50', '300']"
362,冰鬼护,冰,冰冻之躯/精神力,心情不定,脸面宝可梦,1.5m,256.5kg,75,"['80', '80', '80', '80', '80', '80', '480']"
363,海豹球,冰/水,冰冻之躯/厚脂肪,迟钝,拍手宝可梦,0.8m,39.5kg,255,"['70', '40', '50', '55', '50', '25', '290']"
364,海魔狮,冰/水,冰冻之躯/厚脂肪,迟钝,滚球宝可梦,1.1m,87.6kg,120,"['90', '60', '70', '75', '70', '45', '410']"
365,帝牙海狮,冰/水,冰冻之躯/厚脂肪,迟钝,破冰宝可梦,1.4m,150.6kg,45,"['110', '80', '90', '95', '90', '65', '530']"
366,珍珠贝,水,硬壳盔甲,胆怯,双壳贝宝可梦,0.4m,52.5kg,255,"['35', '64', '85', '74', '55', '32', '345']"
367,猎斑鱼,水,悠游自如,水幕,深海宝可梦,1.7m,27.0kg,60,"['55', '104', '105', '94', '75', '52', '485']"
368,樱花鱼,水,悠游自如,湿润之躯,南海宝可梦,1.8m,22.6kg,60,"['55', '84', '105', '114', '75', '52', '485']"
369,古空棘鱼,水/岩石,悠游自如/坚硬脑袋,结实,长寿宝可梦,1.0m,23.4kg,25,"['100', '90', '130', '45', '65', '55', '485']"
370,爱心鱼,水,悠游自如,湿润之躯,相随宝可梦,0.6m,8.7kg,225,"['43', '30', '55', '40', '65', '97', '330']"
371,宝贝龙,龍,坚硬脑袋,强行,坚硬脑袋宝可梦,0.6m,42.1kg,45,"['45', '75', '60', '40', '30', '50', '300']"
372,甲壳龙,龍,坚硬脑袋,防尘,耐力宝可梦,1.1m,110.5kg,45,"['65', '95', '100', '60', '50', '50', '420']"
373,暴飞龙,龍/飛行,威吓,自信过度,龙宝可梦,1.5m,102.6kg,45,"['95', '135', '80', '110', '80', '100', '600']"
374,铁哑铃,鋼/超能力,恒净之躯,轻金属,铁球宝可梦,0.6m,95.2kg,3,"['40', '55', '80', '35', '60', '30', '300']"
375,金属怪,鋼/超能力,恒净之躯,轻金属,铁爪宝可梦,1.2m,202.5kg,3,"['60', '75', '100', '55', '80', '50', '420']"
376,巨金怪,鋼/超能力,恒净之躯,轻金属,铁足宝可梦,1.6m,550.0kg,3,"['80', '135', '130', '95', '90', '70', '600']"
377,雷吉洛克,岩石,恒净之躯,结实,岩山宝可梦,1.7m,230.0kg,3,"['80', '100', '200', '50', '100', '50', '580']"
378,雷吉艾斯,冰,恒净之躯,冰冻之躯,冰山宝可梦,1.8m,175.0kg,3,"['80', '50', '100', '100', '200', '50', '580']"
379,雷吉斯奇鲁,鋼,恒净之躯,轻金属,黑金宝可梦,1.9m,205.0kg,3,"['80', '75', '150', '75', '150', '50', '580']"
380,拉帝亚斯,龍/超能力,飘浮,,无限宝可梦,1.4m,40.0kg,3,"['80', '80', '90', '110', '130', '110', '600']"
381,拉帝欧斯,龍/超能力,飘浮,,无限宝可梦,2.0m,60.0kg,3,"['80', '90', '80', '130', '110', '110', '600']"
382,盖欧卡,水,降雨,,海底宝可梦,4.5m,352.0kg,3,"['100', '100', '90', '150', '140', '90', '670']"
383,固拉多,地面,日照,,大陆宝可梦,3.5m,950.0kg,3,"['100', '150', '140', '100', '90', '90', '670']"
384,烈空坐,龍/飛行,气闸,,天空宝可梦,7.0m,206.5kg,3,"['105', '150', '90', '150', '90', '95', '680']"
385,基拉祈,鋼/超能力,天恩,,祈愿宝可梦,0.3m,1.1kg,3,"['100', '100', '100', '100', '100', '100', '600']"
386,代欧奇希斯,超能力,压迫感,,ＤＮＡ宝可梦,1.7m,60.8kg,3,"['50', '150', '50', '150', '50', '150', '600']"
387,草苗龟,草,茂盛,硬壳盔甲,嫩叶宝可梦,0.4m,10.2kg,45,"['55', '68', '64', '45', '55', '31', '318']"
388,树林龟,草,茂盛,硬壳盔甲,树丛宝可梦,1.1m,97.0kg,45,"['75', '89', '85', '55', '65', '36', '405']"
389,土台龟,草/地面,茂盛,硬壳盔甲,大陆宝可梦,2.2m,310.0kg,45,"['95', '109', '105', '75', '85', '56', '525']"
390,小火焰猴,火,猛火,铁拳,小猴宝可梦,0.5m,6.2kg,45,"['44', '58', '44', '58', '44', '61', '309']"
391,猛火猴,火/格斗,猛火,铁拳,顽皮宝可梦,0.9m,22.0kg,45,"['64', '78', '52', '78', '52', '81', '405']"
392,烈焰猴,火/格斗,猛火,铁拳,火焰宝可梦,1.2m,55.0kg,45,"['76', '104', '71', '104', '71', '108', '534']"
393,波加曼,水,激流,好胜,企鹅宝可梦,0.4m,5.2kg,45,"['53', '51', '53', '61', '56', '40', '314']"
394,波皇子,水,激流,好胜,企鹅宝可梦,0.8m,23.0kg,45,"['64', '66', '68', '81', '76', '50', '405']"
395,帝王拿波,水/钢,激流,好胜,皇帝宝可梦,1.7m,84.5kg,45,"['84', '86', '88', '111', '101', '60', '530']"
396,姆克儿,一般/飞行,锐利目光,捨身,椋鸟宝可梦,0.3m,2.0kg,255,"['40', '55', '30', '30', '30', '60', '245']"
397,姆克鸟,一般/飞行,威吓,舍身,椋鸟宝可梦,0.6m,15.5kg,120,"['55', '75', '50', '40', '40', '80', '340']"
398,姆克鹰,一般/飞行,威吓,舍身,猛禽宝可梦,1.2m,24.9kg,45,"['85', '120', '70', '50', '60', '100', '485']"
399,大牙狸,一般,单纯/纯朴,心情不定,圆鼠宝可梦,0.5m,20.0kg,255,"['59', '45', '40', '35', '40', '31', '250']"
400,大尾狸,一般/水,单纯/纯朴,心情不定,河狸宝可梦,1.0m,31.5kg,127,"['79', '85', '60', '55', '60', '71', '410']"
401,圆法师,虫,蜕皮,逃跑,蟋蟀宝可梦,0.3m,2.2kg,255,"['37', '25', '41', '25', '41', '25', '194']"
402,音箱蟀,虫,蟲之預感,技术高手,蟋蟀宝可梦,1.0m,25.5kg,45,"['77', '85', '51', '55', '51', '65', '384']"
403,小猫怪,电,威吓/斗争心,毅力,闪光宝可梦,0.5m,9.5kg,235,"['45', '65', '34', '40', '34', '45', '263']"
404,勒克猫,电,威吓/斗争心,毅力,电光宝可梦,0.9m,30.5kg,120,"['60', '85', '49', '60', '49', '60', '363']"
405,伦琴猫,电,威吓/斗争心,毅力,目光宝可梦,1.4m,42.0kg,45,"['80', '120', '79', '95', '79', '70', '523']"
406,含羞苞,草/毒,毒刺/自然回复,叶子防守,花苞宝可梦,0.2m,1.2kg,255,"['40', '30', '35', '50', '70', '55', '280']"
407,罗丝雷朵,草/毒,毒刺/自然回复,技术高手,花束宝可梦,0.9m,14.5kg,75,"['60', '70', '65', '125', '105', '90', '515']"
408,头盖龙,岩石,破格,强行,头锤宝可梦,0.9m,31.5kg,45,"['67', '125', '40', '30', '30', '58', '350']"
409,战槌龙,岩石,破格,强行,头锤宝可梦,1.6m,102.5kg,45,"['97', '165', '60', '65', '50', '58', '495']"
410,盾甲龙,岩石/钢,结实,隔音,护盾宝可梦,0.5m,57.0kg,45,"['30', '42', '118', '42', '88', '30', '350']"
411,护城龙,岩石/钢,结实,隔音,护盾宝可梦,1.3m,149.5kg,45,"['60', '52', '168', '47', '138', '30', '495']"
412,结草儿,虫,蜕皮,防尘,蓑衣虫宝可梦,0.2m,3.4kg,120,"['40', '29', '45', '29', '45', '36', '224']"
413,结草贵妇,虫/草,危险预知,防尘,蓑衣虫宝可梦,0.5m,6.5kg,45,"['60', '59', '85', '79', '105', '36', '424']"
414,绅士蛾,虫/飞行,虫之预感,有色眼镜,蓑衣蛾宝可梦,0.9m,23.3kg,45,"['70', '94', '50', '94', '50', '66', '424']"
415,三蜜蜂,虫/飞行,采蜜,活力,幼蜂宝可梦,0.3m,5.5kg,120,"['30', '30', '42', '30', '42', '70', '244']"
416,蜂女王,虫/飞行,压迫感,紧张感,蜂巢宝可梦,1.2m,38.5kg,45,"['70', '80', '102', '80', '102', '40', '474']"
417,帕奇利兹,电,捡拾/逃跑,蓄电,电松鼠宝可梦,0.4m,3.9kg,200,"['60', '45', '70', '45', '90', '95', '405']"
418,泳圈鼬,水,悠游自如,水幕,海鼬宝可梦,0.7m,29.5kg,190,"['55', '65', '35', '60', '30', '85', '330']"
419,浮潜鼬,水,悠游自如,水幕,海鼬宝可梦,1.1m,33.5kg,75,"['85', '105', '55', '85', '50', '115', '495']"
420,樱花宝,草,叶绿素,,樱桃宝可梦,0.4m,3.3kg,190,"['45', '35', '45', '62', '53', '35', '275']"
421,樱花儿,草,花之礼,,樱花宝可梦,0.5m,9.3kg,75,"['70', '60', '70', '87', '78', '85', '450']"
422,无壳海兔,水,黏着/引水,沙之力,海兔宝可梦,0.3m,6.3kg,190,"['76', '48', '48', '57', '62', '34', '325']"
423,海兔兽,水/地面,黏着/引水,沙之力,海兔宝可梦,0.9m,29.9kg,75,"['111', '83', '68', '92', '82', '39', '475']"
424,双尾怪手,一般,技术高手/捡拾,连续攻击,长尾宝可梦,1.2m,20.3kg,45,"['75', '100', '66', '60', '66', '115', '482']"
425,飘飘球,幽灵/飞行,轻装/引爆,受热激升,气球宝可梦,0.4m,1.2kg,125,"['90', '50', '34', '60', '44', '70', '348']"
426,随风球,幽灵/飞行,轻装/引爆,受热激升,热气球宝可梦,1.2m,15.0kg,60,"['150', '80', '44', '90', '54', '80', '498']"
427,卷卷耳,一般,逃跑/笨拙,柔软,兔子宝可梦,0.4m,5.5kg,190,"['55', '66', '44', '44', '56', '85', '350']"
428,长耳兔,一般,笨拙/迷人之躯,柔软,兔子宝可梦,1.2m,33.3kg,60,"['65', '76', '84', '54', '96', '105', '480']"
429,梦妖魔,幽灵,飘浮,,魔法宝可梦,0.9m,4.4kg,45,"['60', '60', '60', '105', '105', '105', '495']"
430,乌鸦头头,惡/飞行,超幸运/不眠,自信过度,大头目宝可梦,0.9m,27.3kg,30,"['100', '125', '52', '105', '52', '71', '505']"
431,魅力喵,一般,我行我素/柔软,锐利目光,装乖宝可梦,0.5m,3.9kg,190,"['49', '55', '42', '42', '37', '85', '310']"
432,东施喵,一般,厚脂肪/我行我素,不服输,虎斑猫宝可梦,1.0m,43.8kg,75,"['71', '82', '64', '64', '59', '112', '452']"
433,铃铛响,超能力,飘浮,,铃铛宝可梦,0.2m,0.6kg,120,"['45', '30', '50', '65', '50', '45', '285']"
434,臭鼬噗,毒/恶,恶臭/引爆,锐利目光,臭鼬宝可梦,0.4m,19.2kg,225,"['63', '63', '47', '41', '41', '74', '329']"
435,坦克臭鼬,毒/恶,恶臭/引爆,锐利目光,臭鼬宝可梦,1.0m,38.0kg,60,"['103', '93', '67', '71', '61', '84', '479']"
436,铜镜怪,钢/超能力,飘浮/耐热,重金属,青铜宝可梦,0.5m,60.5kg,255,"['57', '24', '86', '24', '86', '23', '300']"
437,青铜钟,钢/超能力,飘浮/耐热,重金属,铜钟宝可梦,1.3m,187.0kg,90,"['67', '89', '116', '79', '116', '33', '500']"
438,盆才怪,岩石,结实/坚硬脑袋,胆怯,盆栽宝可梦,0.5m,15.0kg,255,"['50', '80', '95', '10', '45', '10', '290']"
439,魔尼尼,超能力/妖精,隔音/过滤,技术高手,默剧宝可梦,0.6m,13.0kg,145,"['20', '25', '45', '70', '90', '60', '310']"
440,小福蛋,一般,自然回复/天恩,友情防守,家家酒宝可梦,0.6m,24.4kg,130,"['100', '5', '5', '15', '65', '30', '220']"
441,聒噪鸟,一般/飞行,锐利目光/蹒跚,健壮胸肌,音符宝可梦,0.5m,1.9kg,30,"['76', '65', '45', '92', '42', '91', '411']"
442,花岩怪,幽灵/恶,压迫感,穿透,封印宝可梦,1.0m,108.0kg,100,"['50', '92', '108', '92', '108', '35', '485']"
443,圆陆鲨,龙/地面,沙隐,粗糙皮肤,陆鲨宝可梦,0.7m,20.5kg,45,"['58', '70', '45', '40', '45', '42', '300']"
444,尖牙陆鲨,龙/地面,沙隐,粗糙皮肤,洞穴宝可梦,1.4m,56.0kg,45,"['68', '90', '65', '50', '55', '82', '410']"
445,烈咬陆鲨,龙/地面,沙隐,粗糙皮肤,音速宝可梦,1.9m,95.0kg,45,"['108', '130', '95', '80', '85', '102', '600']"
446,小卡比兽,一般,捡拾/厚脂肪,贪吃鬼,大胃王宝可梦,0.6m,105.0kg,50,"['135', '85', '40', '40', '85', '5', '390']"
447,利欧路,格斗,不屈之心/精神力,恶作剧之心,波纹宝可梦,0.7m,20.2kg,75,"['40', '70', '40', '35', '40', '60', '285']"
448,路卡利欧,格斗/钢,不屈之心/精神力,正义之心,波导宝可梦,1.2m,54.0kg,45,"['70', '110', '70', '115', '70', '90', '525']"
449,沙河马,地面,扬沙,沙之力,河马宝可梦,0.8m,49.5kg,140,"['68', '72', '78', '38', '42', '32', '330']"
450,河马兽,地面,扬沙,沙之力,重量宝可梦,2.0m,300.0kg,60,"['108', '112', '118', '68', '72', '47', '525']"
451,钳尾蝎,毒/虫,战斗盔甲/狙击手,锐利目光,蝎子宝可梦,0.8m,12.0kg,120,"['40', '50', '90', '30', '55', '65', '330']"
452,龙王蝎,毒/恶,战斗盔甲/狙击手,锐利目光,蝎怪宝可梦,1.3m,61.5kg,45,"['70', '90', '110', '60', '75', '95', '500']"
453,不良蛙,毒/格斗,危险预知/干燥皮肤,毒手,毒击宝可梦,0.7m,23.0kg,140,"['48', '61', '40', '61', '40', '50', '300']"
454,毒骷蛙,毒/格斗,危险预知/干燥皮肤,毒手,毒击宝可梦,1.3m,44.4kg,75,"['83', '106', '65', '86', '65', '85', '490']"
455,尖牙笼,草,飘浮,,捕虫宝可梦,1.4m,27.0kg,200,"['74', '100', '72', '90', '72', '46', '454']"
456,荧光鱼,水,悠游自如/引水,水幕,飞翅鱼宝可梦,0.4m,7.0kg,190,"['49', '49', '56', '49', '61', '66', '330']"
457,霓虹鱼,水,悠游自如/引水,水幕,霓虹宝可梦,1.2m,24.0kg,75,"['69', '69', '76', '69', '86', '91', '460']"
458,小球飞鱼,水/飞行,储水/悠游自如,水幕,风筝宝可梦,1.0m,65.0kg,25,"['45', '20', '50', '60', '120', '50', '345']"
459,雪笠怪,草/冰,降雪,隔音,树冰宝可梦,1.0m,50.5kg,120,"['60', '62', '50', '62', '60', '40', '334']"
460,暴雪王,草/冰,降雪,隔音,树冰宝可梦,2.2m,135.5kg,60,"['90', '92', '75', '92', '85', '60', '494']"
461,玛狃拉,恶/冰,压迫感,顺手牵羊,钩爪宝可梦,1.1m,34.0kg,45,"['70', '120', '65', '45', '85', '125', '510']"
462,自爆磁怪,電/鋼,磁力/结实,分析,磁场宝可梦,1.2m,180.0kg,30,"['70', '70', '115', '130', '90', '60', '535']"
463,大舌舔,一般,我行我素/迟钝,无关天气,舔舔宝可梦,1.7m,140.0kg,30,"['110', '85', '95', '80', '95', '50', '515']"
464,超甲狂犀,地面/岩石,坚硬岩石/避雷针,舍身,钻锥宝可梦,2.4m,282.8kg,30,"['115', '140', '130', '55', '55', '40', '535']"
465,巨蔓藤,草,叶子防守/叶绿素,再生力,藤蔓状宝可梦,2.0m,128.6kg,30,"['100', '100', '125', '110', '50', '50', '535']"
466,电击魔兽,电,电气引擎,干劲,雷电宝可梦,1.8m,138.6kg,30,"['75', '123', '67', '95', '85', '95', '540']"
467,鸭嘴炎兽,火,火焰之躯,干劲,爆炎宝可梦,1.6m,68.0kg,30,"['75', '95', '67', '125', '95', '83', '540']"
468,波克基斯,妖精/飞行,天恩/活力,超幸运,祝福宝可梦,1.5m,38.0kg,30,"['85', '50', '95', '120', '115', '80', '545']"
469,远古巨蜓,虫/飞行,加速/有色眼镜,察觉,勾蜓宝可梦,1.9m,51.5kg,30,"['86', '76', '86', '116', '56', '95', '515']"
470,叶伊布,草,叶子防守,叶绿素,新绿宝可梦,1.0m,25.5kg,45,"['65', '110', '130', '60', '65', '95', '525']"
471,冰伊布,冰,雪隐,冰冻之躯,新雪宝可梦,0.8m,25.9kg,45,"['65', '60', '110', '130', '95', '65', '525']"
472,天蝎王,地面/飞行,沙隐/怪力钳,毒疗,牙蝎宝可梦,2.0m,42.5kg,30,"['75', '95', '125', '45', '75', '95', '510']"
473,象牙猪,冰/地面,雪隐/迟钝,厚脂肪,双牙宝可梦,2.5m,291.0kg,50,"['110', '130', '80', '70', '60', '80', '530']"
474,多边兽Ｚ,一般,适应力/下载,分析,虚拟宝可梦,0.9m,34.0kg,30,"['85', '80', '70', '135', '75', '90', '535']"
475,艾路雷朵,超能力/格斗,不屈之心/锋锐,正义之心,利刃宝可梦,1.6m,52.0kg,45,"['68', '125', '65', '65', '115', '80', '518']"
476,大朝北鼻,岩石/钢,磁力/结实,沙之力,罗盘宝可梦,1.4m,340.0kg,60,"['60', '55', '145', '75', '150', '40', '525']"
477,黑夜魔灵,幽靈,压迫感,察觉,抓握宝可梦,2.2m,106.6kg,45,"['45', '100', '135', '65', '135', '45', '525']"
478,雪妖女,冰/幽靈,雪隐,诅咒之躯,雪国宝可梦,1.3m,26.6kg,75,"['70', '80', '70', '80', '70', '110', '480']"
479,洛托姆,电/幽灵,飘浮,,等离子宝可梦,0.3m,0.3kg,45,"['50', '50', '77', '95', '77', '91', '440']"
480,由克希,超能力,飘浮,,知识宝可梦,0.3m,0.3kg,3,"['75', '75', '130', '75', '130', '95', '580']"
481,艾姆利多,超能力,飘浮,,感情宝可梦,0.3m,0.3kg,3,"['80', '105', '105', '105', '105', '80', '580']"
482,亚克诺姆,超能力,飘浮,,意志宝可梦,0.3m,0.3kg,3,"['75', '125', '70', '125', '70', '115', '580']"
483,帝牙卢卡,钢/龙,压迫感,心灵感应,时间宝可梦,5.4m,683.0kg,3,"['100', '120', '120', '150', '100', '90', '680']"
484,帕路奇亚,水/龙,压迫感,心灵感应,空间宝可梦,4.2m,336.0kg,3,"['90', '120', '100', '150', '120', '100', '680']"
485,席多蓝恩,火/钢,引火,火焰之躯,火山口宝可梦,1.7m,430.0kg,3,"['91', '90', '106', '130', '106', '77', '600']"
486,雷吉奇卡斯,一般,慢启动,,巨大宝可梦,3.7m,420.0kg,3,"['110', '160', '110', '80', '110', '100', '670']"
487,骑拉帝纳,幽灵/龙,压迫感,心灵感应,反抗宝可梦,4.5m,750.0kg,3,"['150', '100', '120', '100', '120', '90', '680']"
488,克雷色利亚,超能力,飘浮,,新月宝可梦,1.5m,85.6kg,3,"['120', '70', '110', '75', '120', '85', '580']"
489,霏欧纳,水,湿润之躯,,海洋宝可梦,0.4m,3.1kg,30,"['80', '80', '80', '80', '80', '80', '480']"
490,玛纳霏,水,湿润之躯,,回游宝可梦,0.3m,1.4kg,3,"['100', '100', '100', '100', '100', '100', '600']"
491,达克莱伊,恶,梦魇,,暗黑宝可梦,1.5m,50.5kg,3,"['70', '90', '90', '135', '90', '125', '600']"
492,谢米,草,自然回复,,感谢宝可梦,0.2m,2.1kg,45,"['100', '100', '100', '100', '100', '100', '600']"
493,阿尔宙斯,一般,多属性,,创造宝可梦,3.2m,320.0kg,3,"['120', '120', '120', '120', '120', '120', '720']"
494,比克提尼,超能力/火,胜利之星,,胜利宝可梦,0.4m,4.0kg,3,"['100', '100', '100', '100', '100', '100', '600']"
495,藤藤蛇,草,茂盛,唱反调,草蛇宝可梦,0.6m,8.1kg,45,"['45', '45', '55', '45', '55', '63', '308']"
496,青藤蛇,草,茂盛,唱反调,草蛇宝可梦,0.8m,16.0kg,45,"['60', '60', '75', '60', '75', '83', '413']"
497,君主蛇,草,茂盛,唱反调,皇家宝可梦,3.3m,63.0kg,45,"['75', '75', '95', '75', '95', '113', '528']"
498,暖暖猪,火,猛火,厚脂肪,火猪宝可梦,0.5m,9.9kg,45,"['65', '63', '45', '45', '45', '45', '308']"
499,炒炒猪,火/格斗,猛火,厚脂肪,火猪宝可梦,1.0m,55.0kg,45,"['90', '93', '55', '70', '55', '55', '418']"
500,炎武王,火/格斗,猛火,舍身,大火猪宝可梦,1.6m,150.0kg,45,"['110', '123', '65', '100', '65', '65', '528']"
501,水水獭,水,激流,硬壳盔甲,海獭宝可梦,0.5m,5.9kg,45,"['55', '55', '45', '63', '45', '45', '308']"
502,双刃丸,水,激流,硬壳盔甲,修行宝可梦,0.8m,24.5kg,45,"['75', '75', '60', '83', '60', '60', '413']"
503,大剑鬼,水,激流,硬壳盔甲,威严宝可梦,1.5m,94.6kg,45,"['95', '100', '85', '108', '70', '70', '528']"
504,探探鼠,一般,锐利目光/逃跑,分析,放哨宝可梦,0.5m,11.6kg,255,"['45', '55', '39', '35', '39', '42', '255']"
505,步哨鼠,一般,发光/锐利目光,分析,警戒宝可梦,1.1m,27.0kg,255,"['60', '85', '69', '60', '69', '77', '420']"
506,小约克,一般,捡拾/干劲,逃跑,小狗宝可梦,0.4m,4.1kg,255,"['45', '60', '45', '25', '45', '55', '275']"
507,哈约克,一般,拨沙/威吓,胆量,忠犬宝可梦,0.9m,14.7kg,120,"['65', '80', '65', '35', '65', '60', '370']"
508,长毛狗,一般,拨沙/威吓,胆量,宽大宝可梦,1.2m,61.0kg,45,"['85', '110', '90', '45', '90', '80', '500']"
509,扒手猫,恶,轻装/柔软,恶作剧之心,坏心眼宝可梦,0.4m,10.1kg,255,"['41', '50', '37', '50', '37', '66', '281']"
510,酷豹,恶,轻装/柔软,恶作剧之心,冷酷宝可梦,1.1m,37.5kg,90,"['64', '88', '50', '88', '50', '106', '446']"
511,花椰猴,草,贪吃鬼,茂盛,草猴宝可梦,0.6m,10.5kg,190,"['50', '53', '48', '53', '48', '64', '316']"
512,花椰猿,草,贪吃鬼,茂盛,刺猴宝可梦,1.1m,30.5kg,75,"['75', '98', '63', '98', '63', '101', '498']"
513,爆香猴,火,贪吃鬼,猛火,高温宝可梦,0.6m,11.0kg,190,"['50', '53', '48', '53', '48', '64', '316']"
514,爆香猿,火,贪吃鬼,猛火,火花宝可梦,1.0m,28.0kg,75,"['75', '98', '63', '98', '63', '101', '498']"
515,冷水猴,水,贪吃鬼,激流,泼水宝可梦,0.6m,13.5kg,190,"['50', '53', '48', '53', '48', '64', '316']"
516,冷水猿,水,贪吃鬼,激流,放水宝可梦,1.0m,29.0kg,75,"['75', '98', '63', '98', '63', '101', '498']"
517,食梦梦,超能力,预知梦/同步,心灵感应,食梦宝可梦,0.6m,23.3kg,190,"['76', '25', '45', '67', '55', '24', '292']"
518,梦梦蚀,超能力,预知梦/同步,心灵感应,半梦半醒宝可梦,1.1m,60.5kg,75,"['116', '55', '85', '107', '95', '29', '487']"
519,豆豆鸽,一般/飞行,超幸运/健壮胸肌,斗争心,小鸽宝可梦,0.3m,2.1kg,255,"['50', '55', '50', '36', '30', '43', '264']"
520,咕咕鸽,一般/飞行,超幸运/健壮胸肌,斗争心,野鸽宝可梦,0.6m,15.0kg,120,"['62', '77', '62', '50', '42', '65', '358']"
521,高傲雉鸡,一般/飞行,超幸运/健壮胸肌,斗争心,自尊心宝可梦,1.2m,29.0kg,45,"['80', '115', '80', '65', '55', '93', '488']"
522,斑斑马,电,电气引擎/避雷针,食草,带电宝可梦,0.8m,29.8kg,190,"['45', '60', '32', '50', '32', '76', '295']"
523,雷电斑马,电,电气引擎/避雷针,食草,雷电宝可梦,1.6m,79.5kg,75,"['75', '100', '63', '80', '63', '116', '497']"
524,石丸子,岩石,碎裂铠甲/结实,沙之力,地幔宝可梦,0.4m,18.0kg,255,"['55', '75', '85', '25', '25', '15', '280']"
525,地幔岩,岩石,碎裂铠甲/结实,沙之力,矿石宝可梦,0.9m,102.0kg,120,"['70', '105', '105', '50', '40', '20', '390']"
526,庞岩怪,岩石,扬沙/结实,沙之力,高压宝可梦,1.7m,260.0kg,45,"['85', '135', '130', '60', '80', '25', '515']"
527,滚滚蝙蝠,超能力/飞行,笨拙/纯朴,单纯,蝙蝠宝可梦,0.4m,2.1kg,190,"['65', '45', '43', '55', '43', '72', '323']"
528,心蝙蝠,超能力/飞行,笨拙/纯朴,单纯,求爱宝可梦,0.9m,10.5kg,45,"['67', '57', '55', '77', '55', '114', '425']"
529,螺钉地鼠,地面,沙之力/拨沙,破格,鼹鼠宝可梦,0.3m,8.5kg,120,"['60', '85', '40', '30', '45', '68', '328']"
530,龙头地鼠,地面/钢,沙之力/拨沙,破格,地底宝可梦,0.7m,40.4kg,60,"['110', '135', '60', '50', '65', '88', '508']"
531,差不多娃娃,一般,再生力/治愈之心,笨拙,听力宝可梦,1.1m,31.0kg,255,"['103', '60', '86', '60', '86', '50', '445']"
532,搬运小匠,格斗,毅力/强行,铁拳,筋骨宝可梦,0.6m,12.5kg,180,"['75', '80', '55', '25', '35', '35', '305']"
533,铁骨土人,格斗,毅力/强行,铁拳,筋骨宝可梦,1.2m,40.0kg,90,"['85', '105', '85', '40', '50', '40', '405']"
534,修建老匠,格斗,毅力/强行,铁拳,筋骨宝可梦,1.4m,87.0kg,45,"['105', '140', '95', '55', '65', '45', '505']"
535,圆蝌蚪,水,悠游自如/湿润之躯,储水,蝌蚪宝可梦,0.5m,4.5kg,255,"['50', '50', '40', '50', '40', '64', '294']"
536,蓝蟾蜍,水/地面,悠游自如/湿润之躯,储水,震动宝可梦,0.8m,17.0kg,120,"['75', '65', '55', '65', '55', '69', '384']"
537,蟾蜍王,水/地面,悠游自如/毒手,储水,震动宝可梦,1.5m,62.0kg,45,"['105', '95', '75', '85', '75', '74', '509']"
538,投摔鬼,格斗,毅力/精神力,破格,柔道宝可梦,1.3m,55.5kg,45,"['120', '100', '85', '30', '85', '45', '465']"
539,打击鬼,格斗,结实/精神力,破格,空手道宝可梦,1.4m,51.0kg,45,"['75', '125', '75', '30', '75', '85', '465']"
540,虫宝包,虫/草,蟲之預感/叶绿素,防尘,裁缝宝可梦,0.3m,2.5kg,255,"['45', '53', '70', '40', '60', '42', '310']"
541,宝包茧,虫/草,叶绿素/叶子防守,防尘,足不出叶宝可梦,0.5m,7.3kg,120,"['55', '63', '90', '50', '80', '42', '380']"
542,保姆虫,虫/草,蟲之預感/叶绿素,防尘,育儿宝可梦,1.2m,20.5kg,45,"['75', '103', '80', '70', '80', '92', '500']"
543,百足蜈蚣,虫/毒,毒刺/蟲之預感,加速,蜈蚣宝可梦,0.4m,5.3kg,255,"['30', '45', '59', '30', '39', '57', '260']"
544,车轮球,虫/毒,毒刺/蟲之預感,加速,茧蜈蚣宝可梦,1.2m,58.5kg,120,"['40', '55', '99', '40', '79', '47', '360']"
545,蜈蚣王,虫/毒,毒刺/蟲之預感,加速,巨蜈蚣宝可梦,2.5m,200.5kg,45,"['60', '100', '89', '55', '69', '112', '485']"
546,木棉球,草/妖精,穿透/恶作剧之心,叶绿素,棉球宝可梦,0.3m,0.6kg,190,"['40', '27', '60', '37', '50', '66', '280']"
547,风妖精,草/妖精,穿透/恶作剧之心,叶绿素,风隐宝可梦,0.7m,6.6kg,75,"['60', '67', '85', '77', '75', '116', '480']"
548,百合根娃娃,草,叶绿素/我行我素,叶子防守,根茎宝可梦,0.5m,6.6kg,190,"['45', '35', '50', '70', '50', '30', '280']"
549,裙儿小姐,草,叶绿素/我行我素,叶子防守,花饰宝可梦,1.1m,16.3kg,75,"['70', '60', '75', '110', '75', '90', '480']"
550,野蛮鲈鱼,水,適應力/舍身,破格,粗暴宝可梦,1.0m,18.0kg,190,"['70', '92', '65', '80', '55', '98', '460']"
551,黑眼鳄,地面/恶,自信过度/威吓,愤怒穴位,沙漠鳄鱼宝可梦,0.7m,15.2kg,180,"['50', '72', '35', '35', '35', '65', '292']"
552,混混鳄,地面/恶,自信过度/威吓,愤怒穴位,沙漠鳄鱼宝可梦,1.0m,33.4kg,90,"['60', '82', '45', '45', '45', '74', '351']"
553,流氓鳄,地面/恶,自信过度/威吓,愤怒穴位,威吓宝可梦,1.5m,96.3kg,45,"['95', '117', '80', '65', '70', '92', '519']"
554,火红不倒翁,冰,活力,精神力,不倒翁宝可梦,0.6m,37.5kg,120,"['70', '90', '45', '15', '45', '50', '315']"
555,达摩狒狒,冰,強行,达摩模式,爆燃宝可梦,1.3m,92.9kg,60,"['105', '140', '55', '30', '55', '95', '480']"
556,沙铃仙人掌,草,叶绿素/储水,引水,仙人掌宝可梦,1.0m,28.0kg,255,"['75', '86', '67', '106', '67', '60', '461']"
557,石居蟹,虫/岩石,硬壳盔甲/结实,碎裂铠甲,石居宝可梦,0.3m,14.5kg,190,"['50', '65', '85', '35', '35', '55', '325']"
558,岩殿居蟹,虫/岩石,硬壳盔甲/结实,碎裂铠甲,岩居宝可梦,1.4m,200.0kg,75,"['70', '105', '125', '65', '75', '45', '485']"
559,滑滑小子,恶/格斗,自信过度/蜕皮,威吓,蜕皮宝可梦,0.6m,11.8kg,180,"['50', '75', '70', '35', '70', '48', '348']"
560,头巾混混,恶/格斗,自信过度/蜕皮,威吓,恶党宝可梦,1.1m,30.0kg,90,"['65', '90', '115', '45', '115', '58', '488']"
561,象征鸟,超能力/飞行,魔法防守/奇迹皮肤,有色眼镜,似鸟宝可梦,1.4m,14.0kg,45,"['72', '58', '80', '103', '80', '97', '490']"
562,哭哭面具,地面/幽灵,木乃伊,,魂宝可梦,0.5m,1.5kg,190,"['38', '30', '85', '55', '65', '30', '303']"
563,死神棺,幽灵,木乃伊,,棺木宝可梦,1.7m,76.5kg,90,"['58', '50', '145', '95', '105', '30', '483']"
564,原盖海龟,水/岩石,坚硬岩石/结实,悠游自如,古代龟宝可梦,0.7m,16.5kg,45,"['54', '78', '103', '53', '45', '22', '355']"
565,肋骨海龟,水/岩石,坚硬岩石/结实,悠游自如,古代龟宝可梦,1.2m,81.0kg,45,"['74', '108', '133', '83', '65', '32', '495']"
566,始祖小鸟,岩石/飞行,软弱,,远古鸟宝可梦,0.5m,9.5kg,45,"['55', '112', '45', '74', '45', '70', '401']"
567,始祖大鸟,岩石/飞行,软弱,,远古鸟宝可梦,1.4m,32.0kg,45,"['75', '140', '65', '112', '65', '110', '567']"
568,破破袋,毒,恶臭/黏着,引爆,垃圾袋宝可梦,0.6m,31.0kg,190,"['50', '50', '62', '40', '62', '65', '329']"
569,灰尘山,毒,恶臭/碎裂铠甲,引爆,垃圾场宝可梦,1.9m,107.3kg,60,"['80', '95', '82', '60', '82', '75', '474']"
570,索罗亚,恶,幻觉,,恶狐宝可梦,0.7m,12.5kg,75,"['40', '65', '40', '80', '40', '65', '330']"
571,索罗亚克,恶,幻觉,,妖狐宝可梦,1.6m,81.1kg,45,"['60', '105', '60', '120', '60', '105', '510']"
572,泡沫栗鼠,一般,技术高手/迷人之躯,连续攻击,栗鼠宝可梦,0.4m,5.8kg,255,"['55', '50', '40', '40', '40', '75', '300']"
573,奇诺栗鼠,一般,技术高手/迷人之躯,连续攻击,围巾宝可梦,0.5m,7.5kg,60,"['75', '95', '60', '65', '60', '115', '470']"
574,哥德宝宝,超能力,察觉/好胜,踩影,凝视宝可梦,0.4m,5.8kg,200,"['45', '30', '50', '55', '65', '45', '290']"
575,哥德小童,超能力,好勝/察觉,踩影,操纵宝可梦,0.7m,18.0kg,100,"['60', '45', '70', '75', '85', '55', '390']"
576,哥德小姐,超能力,好勝/察觉,踩影,天体宝可梦,1.5m,44.0kg,50,"['70', '55', '95', '95', '110', '65', '490']"
577,单卵细胞球,超能力,防尘/魔法防守,再生力,细胞宝可梦,0.3m,1.0kg,200,"['45', '30', '40', '105', '50', '20', '290']"
578,双卵细胞球,超能力,防尘/魔法防守,再生力,分割宝可梦,0.6m,8.0kg,100,"['65', '40', '50', '125', '60', '30', '370']"
579,人造细胞卵,超能力,防尘/魔法防守,再生力,增幅宝可梦,1.0m,20.1kg,50,"['110', '65', '75', '125', '85', '30', '490']"
580,鸭宝宝,水/飞行,锐利目光/健壮胸肌,湿润之躯,水鸟宝可梦,0.5m,5.5kg,190,"['62', '44', '50', '44', '50', '55', '305']"
581,舞天鹅,水/飞行,锐利目光/健壮胸肌,湿润之躯,白鸟宝可梦,1.3m,24.2kg,45,"['75', '87', '63', '87', '63', '98', '473']"
582,迷你冰,冰,冰冻之躯/雪隐,碎裂铠甲,新雪宝可梦,0.4m,5.7kg,255,"['36', '50', '50', '65', '60', '44', '305']"
583,多多冰,冰,冰冻之躯/雪隐,碎裂铠甲,冰雪宝可梦,1.1m,41.0kg,120,"['51', '65', '65', '80', '75', '59', '395']"
584,双倍多多冰,冰,冰冻之躯/降雪,碎裂铠甲,暴风雪宝可梦,1.3m,57.5kg,45,"['71', '95', '85', '110', '95', '79', '535']"
585,四季鹿,一般/草,叶绿素/食草,天恩,季节宝可梦,0.6m,19.5kg,190,"['60', '60', '50', '40', '50', '75', '335']"
586,萌芽鹿,一般/草,叶绿素/食草,天恩,季节宝可梦,1.9m,92.5kg,75,"['80', '100', '70', '60', '70', '95', '475']"
587,电飞鼠,电/飞行,静电,电气引擎,飞鼠宝可梦,0.4m,5.0kg,200,"['55', '75', '60', '75', '60', '103', '428']"
588,盖盖虫,虫,虫之预感/蜕皮,无防守,啃咬宝可梦,0.5m,5.9kg,200,"['50', '75', '45', '40', '45', '60', '315']"
589,骑士蜗牛,虫/钢,硬壳盔甲/蟲之預感,防尘,骑兵宝可梦,1.0m,33.0kg,75,"['70', '135', '105', '60', '105', '20', '495']"
590,哎呀球菇,草/毒,孢子,再生力,蘑菇宝可梦,0.2m,1.0kg,190,"['69', '55', '45', '55', '55', '15', '294']"
591,败露球菇,草/毒,孢子,再生力,蘑菇宝可梦,0.6m,10.5kg,75,"['114', '85', '70', '85', '80', '30', '464']"
592,轻飘飘,水/幽灵,储水/诅咒之躯,湿气,漂浮宝可梦,1.2m,33.0kg,190,"['55', '40', '50', '65', '85', '40', '335']"
593,胖嘟嘟,水/幽灵,储水/诅咒之躯,湿气,漂浮宝可梦,2.2m,135.0kg,60,"['100', '60', '70', '85', '105', '60', '480']"
594,保姆曼波,水,治愈之心/湿润之躯,再生力,看护宝可梦,1.2m,31.6kg,75,"['165', '75', '80', '40', '45', '65', '470']"
595,电电虫,虫/电,复眼/紧张感,蟲之預感,吸附宝可梦,0.1m,0.6kg,190,"['50', '47', '50', '57', '50', '65', '319']"
596,电蜘蛛,虫/电,复眼/紧张感,蟲之預感,电蜘蛛宝可梦,0.8m,14.3kg,75,"['70', '77', '60', '97', '60', '108', '472']"
597,种子铁球,草/钢,,铁刺,刺果宝可梦,0.6m,18.8kg,255,"['44', '50', '91', '24', '86', '10', '305']"
598,坚果哑铃,草/钢,铁刺,危險預知,刺球宝可梦,1.0m,110.0kg,90,"['74', '94', '131', '54', '116', '20', '489']"
599,齿轮儿,钢,负电/正电,恒净之躯,齿轮宝可梦,0.3m,21.0kg,130,"['40', '55', '70', '45', '60', '30', '300']"
600,齿轮组,钢,负电/正电,恒净之躯,齿轮宝可梦,0.6m,51.0kg,60,"['60', '80', '95', '70', '85', '50', '440']"
601,齿轮怪,钢,负电/正电,恒净之躯,齿轮宝可梦,0.6m,81.0kg,30,"['60', '100', '115', '70', '85', '90', '520']"
602,麻麻小鱼,电,飘浮,,电鱼宝可梦,0.2m,0.3kg,190,"['35', '55', '40', '45', '40', '60', '275']"
603,麻麻鳗,电,飘浮,,电鱼宝可梦,1.2m,22.0kg,60,"['65', '85', '70', '75', '70', '40', '405']"
604,麻麻鳗鱼王,电,飘浮,,电鱼宝可梦,2.1m,80.5kg,30,"['85', '115', '80', '105', '80', '50', '515']"
605,小灰怪,超能力,心灵感应/同步,分析,脑宝可梦,0.5m,9.0kg,255,"['55', '55', '55', '85', '55', '30', '335']"
606,大宇怪,超能力,心灵感应/同步,分析,脑宝可梦,1.0m,34.5kg,90,"['75', '75', '75', '125', '95', '40', '485']"
607,烛光灵,幽灵/火,火焰之躯/引火,穿透,蜡烛宝可梦,0.3m,3.1kg,190,"['50', '30', '55', '65', '55', '20', '275']"
608,灯火幽灵,幽灵/火,火焰之躯/引火,穿透,油灯宝可梦,0.6m,13.0kg,90,"['60', '40', '60', '95', '60', '55', '370']"
609,水晶灯火灵,幽灵/火,火焰之躯/引火,穿透,引诱宝可梦,1.0m,34.3kg,45,"['60', '55', '90', '145', '90', '80', '520']"
610,牙牙,龙,斗争心/破格,紧张感,牙宝可梦,0.6m,18.0kg,75,"['46', '87', '60', '30', '40', '57', '320']"
611,斧牙龙,龙,斗争心/破格,紧张感,颚斧宝可梦,1.0m,36.0kg,60,"['66', '117', '70', '40', '50', '67', '410']"
612,双斧战龙,龙,斗争心/破格,紧张感,颚斧宝可梦,1.8m,105.5kg,45,"['76', '147', '90', '60', '70', '97', '540']"
613,喷嚏熊,冰,雪隐/拨雪,胆怯,结冰宝可梦,0.5m,8.5kg,120,"['55', '70', '40', '60', '40', '40', '305']"
614,冻原熊,冰,雪隐/拨雪,悠游自如,冻结宝可梦,2.6m,260.0kg,60,"['95', '130', '80', '70', '80', '50', '505']"
615,几何雪花,冰,飘浮,,结晶宝可梦,1.1m,148.0kg,25,"['80', '50', '50', '95', '135', '105', '515']"
616,小嘴蜗,虫,硬壳盔甲/湿润之躯,防尘,蜗牛宝可梦,0.4m,7.7kg,200,"['50', '40', '85', '40', '65', '25', '305']"
617,敏捷虫,虫,黏着/湿润之躯,轻装,脱壳宝可梦,0.8m,25.3kg,75,"['80', '70', '40', '100', '60', '145', '495']"
618,泥巴鱼,地面/钢,静电/柔软,沙隐,陷阱宝可梦,0.7m,11.0kg,75,"['109', '66', '84', '81', '99', '32', '471']"
619,功夫鼬,格斗,再生力/精神力,舍身,武术宝可梦,0.9m,20.0kg,180,"['45', '85', '50', '55', '50', '65', '350']"
620,师父鼬,格斗,再生力/精神力,舍身,武术宝可梦,1.4m,35.5kg,45,"['65', '125', '60', '95', '60', '105', '510']"
621,赤面龙,龙,粗糙皮肤/强行,破格,洞穴宝可梦,1.6m,139.0kg,45,"['77', '120', '90', '60', '90', '48', '485']"
622,泥偶小人,地面/幽灵,笨拙/铁拳,无防守,魔像宝可梦,1.0m,92.0kg,190,"['59', '74', '50', '35', '50', '35', '303']"
623,泥偶巨人,地面/幽灵,笨拙/铁拳,无防守,魔像宝可梦,2.8m,330.0kg,90,"['89', '124', '80', '55', '80', '55', '483']"
624,驹刀小兵,恶/钢,不服输/精神力,压迫感,利器宝可梦,0.5m,10.2kg,120,"['45', '85', '70', '40', '40', '60', '340']"
625,劈斩司令,恶/钢,不服输/精神力,压迫感,刀刃宝可梦,1.6m,70.0kg,45,"['65', '125', '100', '60', '70', '70', '490']"
626,爆炸头水牛,一般,食草/舍身,隔音,头锤牛宝可梦,1.6m,94.6kg,45,"['95', '110', '95', '40', '95', '55', '490']"
627,毛头小鹰,一般/飞行,锐利目光/强行,活力,雏鹰宝可梦,0.5m,10.5kg,190,"['70', '83', '50', '37', '50', '60', '350']"
628,勇士雄鹰,一般/飞行,锐利目光/强行,不服输,勇猛宝可梦,1.5m,41.0kg,60,"['100', '123', '75', '57', '75', '80', '510']"
629,秃鹰丫头,恶/飞行,健壮胸肌/防尘,碎裂铠甲,尿布宝可梦,0.5m,9.0kg,190,"['70', '55', '75', '45', '65', '60', '370']"
630,秃鹰娜,恶/飞行,健壮胸肌/防尘,碎裂铠甲,骨鹰宝可梦,1.2m,39.5kg,60,"['110', '65', '105', '55', '95', '80', '510']"
631,熔蚁兽,火,引火/贪吃鬼,白色煙霧,食蚁兽宝可梦,1.4m,58.0kg,90,"['85', '97', '66', '105', '66', '65', '484']"
632,铁蚁,虫/钢,虫之预感/活力,懒惰,铁蚁宝可梦,0.3m,33.0kg,90,"['58', '109', '112', '48', '48', '109', '484']"
633,单首龙,恶/龙,活力,,粗鲁宝可梦,0.8m,17.3kg,45,"['52', '65', '50', '45', '50', '38', '300']"
634,双首暴龙,恶/龙,活力,,粗暴宝可梦,1.4m,50.0kg,45,"['72', '85', '70', '65', '70', '58', '420']"
635,三首恶龙,恶/龙,飘浮,,凶暴宝可梦,1.8m,160.0kg,45,"['92', '105', '90', '125', '90', '98', '600']"
636,燃烧虫,虫/火,火焰之躯,蟲之預感,火炬宝可梦,1.1m,28.8kg,45,"['55', '85', '55', '50', '55', '60', '360']"
637,火神蛾,虫/火,火焰之躯,蟲之預感,太阳宝可梦,1.6m,46.0kg,15,"['85', '60', '65', '135', '105', '100', '550']"
638,勾帕路翁,钢/格斗,正义之心,,铁心宝可梦,2.1m,250.0kg,3,"['91', '90', '129', '90', '72', '108', '580']"
639,代拉基翁,岩石/格斗,正义之心,,岩窟宝可梦,1.9m,260.0kg,3,"['91', '129', '90', '72', '90', '108', '580']"
640,毕力吉翁,草/格斗,正义之心,,草原宝可梦,2.0m,200.0kg,3,"['91', '90', '72', '90', '129', '108', '580']"
641,龙卷云,飞行,恶作剧之心,不服输,旋风宝可梦,1.5m,63.0kg,3,"['79', '115', '70', '125', '80', '111', '580']"
642,雷电云,电/飞行,恶作剧之心,不服输,雷击宝可梦,1.5m,61.0kg,3,"['79', '115', '70', '125', '80', '111', '580']"
643,莱希拉姆,龙/火,涡轮火焰,,白阳宝可梦,3.2m,330.0kg,3,"['100', '120', '100', '150', '120', '90', '680']"
644,捷克罗姆,龙/电,兆级电压,,黑阴宝可梦,2.9m,345.0kg,3,"['100', '150', '120', '120', '100', '90', '680']"
645,土地云,地面/飞行,沙之力,强行,丰饶宝可梦,1.5m,68.0kg,3,"['89', '125', '90', '115', '80', '101', '600']"
646,酋雷姆,龙/冰,压迫感,,境界宝可梦,3.0m,325.0kg,3,"['125', '130', '90', '130', '90', '95', '660']"
647,凯路迪欧,水/格斗,正义之心,,幼马宝可梦,1.4m,48.5kg,3,"['91', '72', '90', '129', '90', '108', '580']"
648,美洛耶塔,一般/超能力,天恩,,旋律宝可梦,0.6m,6.5kg,3,"['100', '77', '77', '128', '128', '90', '600']"
649,盖诺赛克特,虫/钢,下载,,古生代宝可梦,1.5m,82.5kg,3,"['71', '120', '95', '120', '95', '99', '600']"
650,哈力栗,草,茂盛,防弹,刺栗宝可梦,0.4m,9.0kg,45,"['56', '61', '65', '48', '45', '38', '313']"
651,胖胖哈力,草,茂盛,防弹,刺铠宝可梦,0.7m,29.0kg,45,"['61', '78', '95', '56', '58', '57', '405']"
652,布里卡隆,草/格斗,茂盛,防弹,刺铠宝可梦,1.6m,90.0kg,45,"['88', '107', '122', '74', '75', '64', '530']"
653,火狐狸,火,猛火,魔术师,狐狸宝可梦,0.4m,9.4kg,45,"['40', '45', '40', '62', '60', '60', '307']"
654,长尾火狐,火,猛火,魔术师,狐狸宝可梦,1.0m,14.5kg,45,"['59', '59', '58', '90', '70', '73', '409']"
655,妖火红狐,火/超能力,猛火,魔术师,狐狸宝可梦,1.5m,39.0kg,45,"['75', '69', '72', '114', '100', '104', '534']"
656,呱呱泡蛙,水,激流,变幻自如,泡蛙宝可梦,0.3m,7.0kg,45,"['41', '56', '40', '62', '44', '71', '314']"
657,呱头蛙,水,激流,变幻自如,泡蛙宝可梦,0.6m,10.9kg,45,"['54', '63', '52', '83', '56', '97', '405']"
658,甲贺忍蛙,水/恶,激流,变幻自如,忍者宝可梦,1.5m,40.0kg,45,"['72', '95', '67', '103', '71', '122', '530']"
659,掘掘兔,一般,捡拾/颊囊,大力士,挖洞宝可梦,0.4m,5.0kg,255,"['38', '36', '38', '32', '36', '57', '237']"
660,掘地兔,一般/地面,捡拾/颊囊,大力士,挖洞宝可梦,1.0m,42.4kg,127,"['85', '56', '77', '50', '77', '78', '423']"
661,小箭雀,一般/飞行,健壮胸肌,疾风之翼,知更鸟宝可梦,0.3m,1.7kg,255,"['45', '50', '43', '40', '38', '62', '278']"
662,火箭雀,火/飞行,火焰之軀,疾风之翼,火花宝可梦,0.7m,16.0kg,120,"['62', '73', '55', '56', '52', '84', '382']"
663,烈箭鹰,火/飞行,火焰之躯,疾风之翼,烈火宝可梦,1.2m,24.5kg,45,"['78', '81', '71', '74', '69', '126', '499']"
664,粉蝶虫,蟲,鳞粉/复眼,友情防守,喷粉宝可梦,0.3m,2.5kg,255,"['38', '35', '40', '27', '25', '35', '200']"
665,粉蝶蛹,蟲,蜕皮,友情防守,喷粉宝可梦,0.3m,8.4kg,120,"['45', '22', '60', '27', '30', '29', '213']"
666,彩粉蝶,蟲/飛行,鳞粉/复眼,友情防守,鳞粉宝可梦,1.2m,17.0kg,45,"['80', '52', '50', '90', '50', '89', '411']"
667,小狮狮,火/一般,斗争心/紧张感,自信过度,幼狮宝可梦,0.6m,13.5kg,220,"['62', '50', '58', '73', '54', '72', '369']"
668,火炎狮,火/一般,鬥爭心/緊張感,自信过度,王者宝可梦,1.5m,81.5kg,65,"['86', '68', '72', '109', '66', '106', '507']"
669,花蓓蓓,妖精,花幕,共生,单朵宝可梦,0.1m,0.1kg,225,"['44', '38', '39', '61', '79', '42', '303']"
670,花叶蒂,妖精,花幕,共生,单朵宝可梦,0.2m,0.9kg,120,"['54', '45', '47', '75', '98', '52', '371']"
671,花洁夫人,妖精,花幕,共生,花园宝可梦,1.1m,10.0kg,45,"['78', '65', '68', '112', '154', '75', '552']"
672,坐骑小羊,草,食草,草之毛皮,坐骑宝可梦,0.9m,31.0kg,200,"['66', '65', '48', '62', '57', '52', '350']"
673,坐骑山羊,草,食草,草之毛皮,坐骑宝可梦,1.7m,91.0kg,45,"['123', '100', '62', '97', '81', '68', '531']"
674,顽皮熊猫,格斗,破格/铁拳,胆量,顽皮宝可梦,0.6m,8.0kg,220,"['67', '82', '62', '46', '48', '43', '348']"
675,流氓熊猫,格斗/恶,破格/铁拳,胆量,恶颜宝可梦,2.1m,136.0kg,65,"['95', '124', '78', '69', '71', '58', '495']"
676,多丽米亚,一般,毛皮大衣,,贵宾犬宝可梦,1.2m,28.0kg,160,"['75', '80', '60', '65', '90', '102', '472']"
677,妙喵,超能力,锐利目光/穿透,我行我素,自制宝可梦,0.3m,3.5kg,190,"['62', '48', '54', '63', '60', '68', '355']"
678,超能妙喵,超能力,锐利目光/穿透,恶作剧之心,抑制宝可梦,0.6m,8.5kg,75,"['74', '48', '76', '83', '81', '104', '466']"
679,独剑鞘,钢/幽灵,无防守,,刀剑宝可梦,0.8m,2.0kg,180,"['45', '80', '100', '35', '37', '28', '325']"
680,双剑鞘,钢/幽灵,无防守,,刀剑宝可梦,0.8m,4.5kg,90,"['59', '110', '150', '45', '49', '35', '448']"
681,坚盾剑怪,钢/幽灵,战斗切换,,王剑宝可梦,1.7m,53.0kg,45,"['60', '50', '140', '50', '140', '60', '500']"
682,粉香香,妖精,治愈之心,芳香幕,香水宝可梦,0.2m,0.5kg,200,"['78', '52', '60', '63', '65', '23', '341']"
683,芳香精,妖精,治癒之心,芳香幕,芳香宝可梦,0.8m,15.5kg,140,"['101', '72', '72', '99', '89', '29', '462']"
684,绵绵泡芙,妖精,甜幕,轻装,棉花糖宝可梦,0.4m,3.5kg,200,"['62', '48', '66', '59', '57', '49', '341']"
685,胖甜妮,妖精,甜幕,轻装,泡沫奶油宝可梦,0.8m,5.0kg,140,"['82', '80', '86', '85', '75', '72', '480']"
686,好啦鱿,恶/超能力,唱反调/吸盘,穿透,回转宝可梦,0.4m,3.5kg,190,"['53', '54', '53', '37', '46', '45', '288']"
687,乌贼王,恶/超能力,唱反调/吸盘,穿透,倒转宝可梦,1.5m,47.0kg,80,"['86', '92', '88', '68', '75', '73', '482']"
688,龟脚脚,岩石/水,狙击手/硬爪,顺手牵羊,双手宝可梦,0.5m,31.0kg,120,"['42', '52', '67', '39', '56', '50', '306']"
689,龟足巨铠,岩石/水,狙击手/硬爪,顺手牵羊,集合宝可梦,1.3m,96.0kg,45,"['72', '105', '115', '54', '86', '68', '500']"
690,垃垃藻,毒/水,毒刺/毒手,适应力,似草宝可梦,0.5m,7.3kg,225,"['50', '60', '60', '60', '60', '30', '320']"
691,毒藻龙,毒/龙,毒刺/毒手,适应力,似草宝可梦,1.8m,81.5kg,55,"['65', '75', '90', '97', '123', '44', '494']"
692,铁臂枪虾,水,超级发射器,,水枪宝可梦,0.5m,8.3kg,225,"['50', '53', '62', '58', '63', '44', '330']"
693,钢炮臂虾,水,超級發射器,,发射器宝可梦,1.3m,35.3kg,55,"['71', '73', '88', '120', '89', '59', '500']"
694,伞电蜥,电/一般,干燥皮肤/沙隐,太阳之力,发电宝可梦,0.5m,6.0kg,190,"['44', '38', '33', '61', '43', '70', '289']"
695,光电伞蜥,电/一般,干燥皮肤/沙隐,太阳之力,发电宝可梦,1.0m,21.0kg,75,"['62', '55', '52', '109', '94', '109', '481']"
696,宝宝暴龙,岩石/龙,强壮之颚,结实,幼君宝可梦,0.8m,26.0kg,45,"['58', '89', '77', '45', '45', '48', '362']"
697,怪颚龙,岩石/龙,强壮之颚,坚硬脑袋,暴君宝可梦,2.5m,270.0kg,45,"['82', '121', '119', '69', '59', '71', '521']"
698,冰雪龙,岩石/冰,冰冻皮肤,降雪,冻原宝可梦,1.3m,25.2kg,45,"['77', '59', '50', '67', '63', '46', '362']"
699,冰雪巨龙,岩石/冰,冰凍皮膚,降雪,冻原宝可梦,2.7m,225.0kg,45,"['123', '77', '72', '99', '92', '58', '521']"
700,仙子伊布,妖精,迷人之軀,妖精皮肤,连结宝可梦,1.0m,23.5kg,45,"['95', '65', '65', '110', '130', '60', '525']"
701,摔角鹰人,格斗/飞行,轻装/柔软,破格,摔角宝可梦,0.8m,21.5kg,100,"['78', '92', '75', '74', '63', '118', '500']"
702,咚咚鼠,电/妖精,捡拾/颊囊,正电,天线宝可梦,0.2m,2.2kg,200,"['67', '58', '57', '81', '67', '101', '431']"
703,小碎钻,岩石/妖精,恆淨之軀,结实,宝石宝可梦,0.3m,5.7kg,60,"['50', '50', '150', '50', '150', '50', '500']"
704,黏黏宝,龙,食草/湿润之躯,黏滑,软体生物宝可梦,0.3m,2.8kg,45,"['45', '50', '35', '55', '75', '40', '300']"
705,黏美儿,龙,食草/湿润之躯,黏滑,软体生物宝可梦,0.8m,17.5kg,45,"['68', '75', '53', '83', '113', '60', '452']"
706,黏美龙,龙,食草/湿润之躯,黏滑,龙宝可梦,2.0m,150.5kg,45,"['90', '100', '70', '110', '150', '80', '600']"
707,钥圈儿,钢/妖精,恶作剧之心,魔术师,钥匙串宝可梦,0.2m,3.0kg,60,"['57', '80', '91', '80', '87', '75', '470']"
708,小木灵,幽灵/草,察觉/自然回复,收获,树桩宝可梦,0.4m,7.0kg,120,"['43', '70', '48', '50', '60', '38', '309']"
709,朽木妖,幽灵/草,察觉/自然回复,收获,老树宝可梦,1.5m,71.0kg,60,"['85', '110', '76', '65', '82', '56', '474']"
710,南瓜精,幽灵/草,捡拾/察觉,不眠,南瓜宝可梦,0.4m,5.0kg,120,"['44', '66', '70', '44', '55', '56', '335']"
711,南瓜怪人,幽灵/草,捡拾/察觉,不眠,南瓜宝可梦,0.9m,12.5kg,60,"['55', '85', '122', '58', '75', '99', '494']"
712,冰宝,冰,冰冻之躯/我行我素,结实,冰块宝可梦,1.0m,99.5kg,255,"['55', '69', '85', '32', '35', '28', '304']"
713,冰岩怪,冰,冰冻之躯/我行我素,结实,冰山宝可梦,2.0m,505.0kg,55,"['95', '117', '184', '44', '46', '28', '514']"
714,嗡蝠,飞行/龙,察觉/穿透,心灵感应,音波宝可梦,0.5m,8.0kg,190,"['40', '30', '35', '45', '40', '55', '245']"
715,音波龙,飞行/龙,察觉/穿透,心灵感应,音波宝可梦,1.5m,85.0kg,45,"['85', '70', '80', '97', '80', '123', '535']"
716,哲尔尼亚斯,妖精,妖精气场,,生命宝可梦,3.0m,215.0kg,45,"['126', '131', '95', '131', '98', '99', '680']"
717,伊裴尔塔尔,惡/飛行,暗黑气场,,破坏宝可梦,5.8m,203.0kg,45,"['126', '131', '95', '131', '98', '99', '680']"
718,基格尔德,龙/地面,,,秩序宝可梦,m,kg,3,"['54', '100', '71', '61', '85', '115', '486']"
719,蒂安希,岩石/妖精,恆淨之軀,,宝石宝可梦,0.7m,8.8kg,3,"['50', '100', '150', '100', '150', '50', '600']"
720,胡帕,超能力/幽灵,魔术师,,顽童宝可梦,0.5m,9.0kg,3,"['80', '110', '60', '150', '130', '70', '600']"
721,波尔凯尼恩,火/水,储水,,蒸汽宝可梦,1.7m,195.0kg,3,"['80', '110', '120', '130', '90', '70', '600']"
722,木木枭,草/飞行,茂盛,远隔,草羽宝可梦,0.3m,1.5kg,45,"['68', '55', '55', '50', '50', '42', '320']"
723,投羽枭,草/飞行,茂盛,远隔,刃羽宝可梦,0.7m,16.0kg,45,"['78', '75', '75', '70', '70', '52', '420']"
724,狙射树枭,草/幽灵,茂盛,远隔,箭羽宝可梦,1.6m,36.6kg,45,"['78', '107', '75', '100', '100', '70', '530']"
725,火斑喵,火,猛火,威吓,火猫宝可梦,0.4m,4.3kg,45,"['45', '65', '40', '60', '40', '70', '320']"
726,炎热喵,火,猛火,威吓,火猫宝可梦,0.7m,25.0kg,45,"['65', '85', '50', '80', '50', '90', '420']"
727,炽焰咆哮虎,火/恶,猛火,威吓,反派宝可梦,1.8m,83.0kg,45,"['95', '115', '90', '80', '90', '60', '530']"
728,球球海狮,水,激流,湿润之声,海狮宝可梦,0.4m,7.5kg,45,"['50', '54', '54', '66', '56', '40', '320']"
729,花漾海狮,水,激流,湿润之声,偶像宝可梦,0.6m,17.5kg,45,"['60', '69', '69', '91', '81', '50', '420']"
730,西狮海壬,水/妖精,激流,湿润之声,独唱者宝可梦,1.8m,44.0kg,45,"['80', '74', '74', '126', '116', '60', '530']"
731,小笃儿,一般/飞行,連續攻擊/銳利目光,捡拾,啄木鸟宝可梦,0.3m,1.2kg,255,"['35', '75', '30', '30', '30', '65', '265']"
732,喇叭啄鸟,一般/飞行,锐利目光/连续攻击,捡拾,喇叭喙宝可梦,0.6m,14.8kg,120,"['55', '85', '50', '40', '50', '75', '355']"
733,铳嘴大鸟,一般/飞行,锐利目光/连续攻击,强行,铳炮宝可梦,1.1m,26.0kg,45,"['80', '120', '75', '75', '75', '60', '485']"
734,猫鼬少,一般,蹲守/强壮之颚,适应力,巡回宝可梦,0.4m,6.0kg,255,"['48', '70', '30', '30', '30', '45', '253']"
735,猫鼬探长,一般,蹲守/强壮之颚,适应力,蹲守宝可梦,0.7m,14.2kg,127,"['88', '110', '60', '55', '60', '45', '418']"
736,强颚鸡母虫,虫,虫之预感,,幼虫宝可梦,0.4m,4.4kg,255,"['47', '62', '45', '55', '45', '46', '300']"
737,虫电宝,虫/电,蓄电池,,蓄电池宝可梦,0.5m,10.5kg,120,"['57', '82', '95', '55', '75', '36', '400']"
738,锹农炮虫,虫/电,飘浮,,锹形虫宝可梦,1.5m,45.0kg,45,"['77', '70', '90', '145', '75', '43', '500']"
739,好胜蟹,格斗,铁拳/怪力钳,愤怒穴位,拳斗宝可梦,0.6m,7.0kg,225,"['47', '82', '57', '42', '47', '63', '338']"
740,好胜毛蟹,格斗/冰,铁拳/怪力钳,愤怒穴位,毛蟹宝可梦,1.7m,180.0kg,60,"['97', '132', '77', '62', '67', '43', '478']"
741,花舞鸟,幽灵/飞行,舞者,,舞蹈宝可梦,0.6m,3.4kg,45,"['75', '70', '70', '98', '70', '93', '476']"
742,萌虻,虫/妖精,采蜜/鳞粉,甜幕,蜂虻宝可梦,0.1m,0.2kg,190,"['40', '45', '40', '55', '40', '84', '304']"
743,蝶结萌虻,虫/妖精,采蜜/鳞粉,甜幕,蜂虻宝可梦,0.2m,0.5kg,75,"['60', '55', '60', '95', '70', '124', '464']"
744,岩狗狗,岩石,锐利目光/干劲,不屈之心,小狗宝可梦,0.5m,9.2kg,190,"['45', '65', '40', '30', '40', '60', '280']"
745,鬃岩狼人,岩石,拨沙/锐利目光,不屈之心,狼宝可梦,0.8m,25.0kg,90,"['75', '115', '65', '55', '65', '112', '487']"
746,弱丁鱼,水,鱼群,,小鱼宝可梦,0.2m,0.3kg,60,"['45', '20', '20', '25', '25', '40', '175']"
747,好坏星,毒/水,柔软/不仁不义,再生力,非星宝可梦,0.4m,8.0kg,190,"['50', '53', '62', '43', '52', '45', '305']"
748,超坏星,毒/水,柔软/不仁不义,再生力,非星宝可梦,0.7m,14.5kg,75,"['50', '63', '152', '53', '142', '35', '495']"
749,泥驴仔,地面,我行我素/持久力,精神力,驴宝可梦,1.0m,110.0kg,190,"['70', '100', '70', '45', '55', '45', '385']"
750,重泥挽马,地面,我行我素/持久力,精神力,挽马宝可梦,2.5m,920.0kg,60,"['100', '125', '100', '55', '85', '35', '500']"
751,滴蛛,水/虫,水泡,储水,水泡宝可梦,0.3m,4.0kg,200,"['38', '40', '52', '40', '72', '27', '269']"
752,滴蛛霸,水/虫,水泡,储水,水泡宝可梦,1.8m,82.0kg,100,"['68', '70', '92', '50', '132', '42', '454']"
753,伪螳草,草,叶子防守,唱反调,镰草宝可梦,0.3m,1.5kg,190,"['40', '55', '35', '50', '35', '35', '250']"
754,兰螳花,草,叶子防守,唱反调,花镰宝可梦,0.9m,18.5kg,75,"['70', '105', '90', '80', '90', '45', '480']"
755,睡睡菇,草/妖精,发光/孢子,雨盘,发光宝可梦,0.2m,1.5kg,190,"['40', '35', '55', '65', '75', '15', '285']"
756,灯罩夜菇,草/妖精,发光/孢子,雨盘,发光宝可梦,1.0m,11.5kg,75,"['60', '45', '80', '90', '100', '30', '405']"
757,夜盗火蜥,毒/火,腐蚀,迟钝,毒蜥宝可梦,0.6m,4.8kg,120,"['48', '44', '40', '71', '40', '77', '320']"
758,焰后蜥,毒/火,腐蚀,迟钝,毒蜥宝可梦,1.2m,22.2kg,45,"['68', '64', '60', '111', '60', '117', '480']"
759,童偶熊,一般/格斗,笨拙/毛茸茸,迷人之躯,抓狂宝可梦,0.5m,6.8kg,140,"['70', '75', '50', '45', '50', '50', '340']"
760,穿着熊,一般/格斗,笨拙/毛茸茸,紧张感,强臂宝可梦,2.1m,135.0kg,70,"['120', '125', '80', '55', '60', '60', '500']"
761,甜竹竹,草,叶子防守/迟钝,甜幕,水果宝可梦,0.3m,3.2kg,235,"['42', '30', '38', '30', '38', '32', '210']"
762,甜舞妮,草,叶子防守/迟钝,甜幕,水果宝可梦,0.7m,8.2kg,120,"['52', '40', '48', '40', '48', '62', '290']"
763,甜冷美后,草,女王的威严/叶子防守,甜幕,水果宝可梦,1.2m,21.4kg,45,"['72', '120', '98', '50', '98', '72', '510']"
764,花疗环环,妖精,先行治疗/花幕,自然回复,摘花宝可梦,0.1m,0.3kg,60,"['51', '52', '90', '82', '110', '100', '485']"
765,智挥猩,一般/超能力,精神力/心灵感应,共生,贤者宝可梦,1.5m,76.0kg,45,"['90', '60', '80', '90', '110', '60', '490']"
766,投掷猴,格斗,接球手,不服输,配合宝可梦,2.0m,82.8kg,45,"['100', '120', '90', '40', '60', '80', '490']"
767,胆小虫,虫/水,跃跃欲逃,,疾行宝可梦,0.5m,12.0kg,90,"['25', '35', '40', '20', '30', '80', '230']"
768,具甲武者,虫/水,危险回避,,装甲宝可梦,2.0m,108.0kg,45,"['75', '125', '140', '60', '90', '40', '530']"
769,沙丘娃,幽灵/地面,遇水凝固,沙隐,沙丘宝可梦,0.5m,70.0kg,140,"['55', '55', '80', '70', '45', '15', '320']"
770,噬沙堡爷,幽灵/地面,遇水凝固,沙隐,沙堡宝可梦,1.3m,250.0kg,60,"['85', '75', '110', '100', '75', '35', '480']"
771,拳海参,水,飞出的内在物,纯朴,海参宝可梦,0.3m,1.2kg,60,"['55', '60', '130', '30', '130', '5', '410']"
772,属性：空,一般,战斗盔甲,,人工宝可梦,1.9m,120.5kg,3,"['95', '95', '95', '95', '95', '59', '534']"
773,银伴战兽,一般,ＡＲ系统,,人工宝可梦,2.3m,100.5kg,3,"['95', '95', '95', '95', '95', '95', '570']"
774,小陨星,岩石/飞行,界限盾壳,,流星宝可梦,0.3m,40.0kg,30,"['60', '60', '100', '60', '100', '60', '440']"
775,树枕尾熊,一般,绝对睡眠,,半梦半醒宝可梦,0.4m,19.9kg,45,"['65', '115', '65', '75', '95', '65', '480']"
776,爆焰龟兽,火/龙,硬壳盔甲,,爆炸龟宝可梦,2.0m,212.0kg,70,"['60', '78', '135', '91', '85', '36', '485']"
777,托戈德玛尔,电/钢,铁刺/避雷针,结实,蜷缩宝可梦,0.3m,3.3kg,180,"['65', '98', '63', '40', '73', '96', '435']"
778,谜拟Ｑ,幽灵/妖精,画皮,,画皮宝可梦,0.2m,0.7kg,45,"['55', '90', '80', '50', '105', '96', '476']"
779,磨牙彩皮鱼,水/超能力,强壮之颚/鮮艷之軀,奇迹皮肤,磨牙宝可梦,0.9m,19.0kg,80,"['68', '105', '70', '70', '70', '92', '475']"
780,老翁龙,一般/龙,食草/怒火冲天,无关天气,悠游宝可梦,3.0m,185.0kg,70,"['78', '60', '85', '135', '91', '36', '485']"
781,破破舵轮,幽灵/草,钢能力者,,碎藻宝可梦,3.9m,210.0kg,25,"['70', '131', '100', '86', '90', '40', '517']"
782,心鳞宝,龙,防弹/隔音,防尘,鳞片宝可梦,0.6m,29.7kg,45,"['45', '55', '65', '45', '45', '45', '300']"
783,鳞甲龙,龙/格斗,防弹/隔音,防尘,鳞片宝可梦,1.2m,47.0kg,45,"['55', '75', '90', '65', '70', '65', '420']"
784,杖尾鳞甲龙,龙/格斗,防弹/隔音,防尘,鳞片宝可梦,1.6m,78.2kg,45,"['75', '110', '125', '100', '105', '85', '600']"
785,卡璞・鸣鸣,电/妖精,电气制造者,心灵感应,土地神宝可梦,1.8m,20.5kg,3,"['70', '115', '85', '95', '75', '130', '570']"
786,卡璞・蝶蝶,超能力/妖精,精神制造者,心灵感应,土地神宝可梦,1.2m,18.6kg,3,"['70', '85', '75', '130', '115', '95', '570']"
787,卡璞・哞哞,草/妖精,青草制造者,心灵感应,土地神宝可梦,1.9m,45.5kg,3,"['70', '130', '115', '85', '95', '75', '570']"
788,卡璞・鳍鳍,水/妖精,薄雾制造者,心灵感应,土地神宝可梦,1.3m,21.2kg,3,"['70', '75', '115', '95', '130', '85', '570']"
789,科斯莫古,超能力,纯朴,,星云宝可梦,0.2m,0.1kg,3,"['43', '29', '31', '29', '31', '37', '200']"
790,科斯莫姆,超能力,结实,,原始星宝可梦,0.1m,999.9kg,3,"['43', '29', '131', '29', '131', '37', '400']"
791,索尔迦雷欧,超能力/钢,金属防护,,日轮宝可梦,3.4m,230.0kg,3,"['137', '137', '107', '113', '89', '97', '680']"
792,露奈雅拉,超能力/幽灵,幻影防守,,月轮宝可梦,4.0m,120.0kg,3,"['137', '113', '89', '137', '107', '97', '680']"
793,虚吾伊德,岩石/毒,异兽提升,,寄生宝可梦,1.2m,55.5kg,45,"['109', '53', '47', '127', '131', '103', '570']"
794,爆肌蚊,虫/格斗,异兽提升,,膨胀宝可梦,2.4m,333.6kg,45,"['107', '139', '139', '53', '53', '79', '570']"
795,费洛美螂,虫/格斗,异兽提升,,美艳宝可梦,1.8m,25.0kg,45,"['71', '137', '37', '137', '37', '151', '570']"
796,电束木,电,异兽提升,,灯饰宝可梦,3.8m,100.0kg,45,"['83', '89', '71', '173', '71', '83', '570']"
797,铁火辉夜,钢/飞行,异兽提升,,发射宝可梦,9.2m,999.9kg,45,"['97', '101', '103', '107', '101', '61', '570']"
798,纸御剑,草/钢,异兽提升,,拔刀宝可梦,0.3m,0.1kg,45,"['59', '181', '131', '59', '31', '109', '570']"
799,恶食大王,恶/龙,异兽提升,,异食宝可梦,5.5m,888.0kg,45,"['223', '101', '53', '97', '53', '43', '570']"
800,奈克洛兹玛,超能力,棱镜装甲,,棱镜宝可梦,2.4m,230.0kg,3,"['97', '107', '101', '127', '89', '79', '600']"
801,玛机雅娜,钢/妖精,魂心,,人造宝可梦,1.0m,80.5kg,3,"['80', '95', '115', '130', '115', '65', '600']"
802,玛夏多,格斗/幽灵,技術高手,,栖影宝可梦,0.7m,22.2kg,3,"['90', '125', '80', '90', '90', '125', '600']"
803,毒贝比,毒,异兽提升,,毒针宝可梦,0.6m,1.8kg,45,"['67', '73', '67', '73', '67', '73', '420']"
804,四颚针龙,毒/龙,异兽提升,,毒针宝可梦,3.6m,150.0kg,45,"['73', '73', '73', '127', '73', '121', '540']"
805,垒磊石,岩石/钢,异兽提升,,石墙宝可梦,5.5m,820.0kg,30,"['61', '131', '211', '53', '101', '13', '570']"
806,砰头小丑,火/幽灵,异兽提升,,烟火宝可梦,1.8m,13.0kg,30,"['53', '127', '53', '151', '79', '107', '570']"
807,捷拉奥拉,电,蓄電,,奔雷宝可梦,1.5m,44.5kg,3,"['88', '112', '75', '102', '80', '143', '600']"
808,美錄坦,鋼,磁力,,螺帽宝可梦,0.2m,8.0kg,3,"['46', '65', '65', '55', '35', '34', '300']"
809,美錄梅塔,鋼,铁拳,,螺帽宝可梦,2.5m,800.0kg,3,"['135', '143', '143', '80', '65', '34', '600']"
810,敲音猴,草,茂盛,青草制造者,小猴宝可梦,0.3m,5.0kg,45,"['50', '65', '50', '40', '40', '65', '310']"
811,啪咚猴,草,茂盛,青草制造者,节拍宝可梦,0.7m,14.0kg,45,"['70', '85', '70', '55', '60', '80', '420']"
812,轰擂金刚猩,草,茂盛,青草制造者,鼓手宝可梦,2.1m,90.0kg,45,"['100', '125', '90', '60', '70', '85', '530']"
813,炎兔儿,火,猛火,自由者,兔子宝可梦,0.3m,4.5kg,45,"['50', '71', '40', '40', '40', '69', '310']"
814,腾蹴小将,火,猛火,自由者,兔子宝可梦,0.6m,9.0kg,45,"['65', '86', '60', '55', '60', '94', '420']"
815,闪焰王牌,火,猛火,自由者,前锋宝可梦,1.4m,33.0kg,45,"['80', '116', '75', '65', '75', '119', '530']"
816,泪眼蜥,水,激流,狙击手,水蜥宝可梦,0.3m,4.0kg,45,"['50', '40', '40', '70', '40', '70', '310']"
817,变涩蜥,水,激流,狙击手,水蜥宝可梦,0.7m,11.5kg,45,"['65', '60', '55', '95', '55', '90', '420']"
818,千面避役,水,激流,狙击手,特工宝可梦,1.9m,45.2kg,45,"['70', '85', '65', '125', '65', '120', '530']"
819,贪心栗鼠,一般,颊囊,贪吃鬼,贪吃宝可梦,0.3m,2.5kg,255,"['70', '55', '55', '35', '35', '25', '275']"
820,藏饱栗鼠,一般,颊囊,贪吃鬼,贪欲宝可梦,0.6m,6.0kg,90,"['120', '95', '95', '55', '75', '20', '460']"
821,稚山雀,飞行,锐利目光/紧张感,健壮胸肌,小鸟宝可梦,0.2m,1.8kg,255,"['38', '47', '35', '33', '35', '57', '245']"
822,蓝鸦,飞行,锐利目光/紧张感,健壮胸肌,乌鸦宝可梦,0.8m,16.0kg,120,"['68', '67', '55', '43', '55', '77', '365']"
823,钢铠鸦,飞行/钢,压迫感/紧张感,镜甲,乌鸦宝可梦,2.2m,75.0kg,45,"['98', '87', '105', '53', '85', '67', '495']"
824,索侦虫,虫,虫之预感/复眼,心灵感应,幼虫宝可梦,0.4m,8.0kg,255,"['25', '20', '20', '25', '45', '45', '180']"
825,天罩虫,虫/超能力,虫之预感/复眼,心灵感应,天线罩宝可梦,0.4m,19.5kg,120,"['50', '35', '80', '50', '90', '30', '335']"
826,以欧路普,虫/超能力,虫之预感/察觉,心灵感应,七星宝可梦,0.4m,40.8kg,45,"['60', '45', '110', '80', '120', '90', '505']"
827,偷儿狐,恶,轻装/逃跑,蹲守,狐狸宝可梦,0.6m,8.9kg,255,"['40', '28', '28', '47', '52', '50', '245']"
828,狐大盗,恶,轻装/逃跑,蹲守,狐狸宝可梦,1.2m,19.9kg,127,"['70', '58', '58', '87', '92', '90', '455']"
829,幼棉棉,草,再生力/棉絮,孢子,花饰宝可梦,0.4m,2.2kg,190,"['40', '40', '60', '40', '60', '10', '250']"
830,白蓬蓬,草,再生力/棉絮,孢子,棉饰宝可梦,0.5m,2.5kg,75,"['60', '50', '90', '80', '120', '60', '460']"
831,毛辫羊,一般,逃跑/毛茸茸,防弹,绵羊宝可梦,0.6m,6.0kg,255,"['42', '40', '55', '40', '45', '48', '270']"
832,毛毛角羊,一般,毛茸茸/不屈之心,防弹,绵羊宝可梦,1.3m,43.0kg,127,"['72', '80', '100', '60', '90', '88', '490']"
833,咬咬龟,水,硬壳盔甲/强壮之颚,悠游自如,咬住宝可梦,0.3m,8.5kg,255,"['50', '64', '50', '38', '38', '44', '284']"
834,暴噬龟,水/岩石,硬壳盔甲/强壮之颚,悠游自如,紧咬宝可梦,1.0m,115.5kg,75,"['90', '115', '90', '48', '68', '74', '485']"
835,来电汪,电,捡球,胆怯,小狗宝可梦,0.3m,13.5kg,255,"['59', '45', '50', '40', '50', '26', '270']"
836,逐电犬,电,强壮之颚,好胜,狗宝可梦,1.0m,34.0kg,45,"['69', '90', '60', '90', '60', '121', '490']"
837,小炭仔,岩石,耐热/蒸汽机,引火,煤炭宝可梦,0.3m,12.0kg,255,"['30', '40', '50', '40', '50', '30', '240']"
838,大炭车,岩石/火,火焰之躯/蒸汽机,引火,煤炭宝可梦,1.1m,78.0kg,120,"['80', '60', '90', '60', '70', '50', '410']"
839,巨炭山,岩石/火,火焰之躯/蒸汽机,引火,煤炭宝可梦,2.8m,310.5kg,45,"['110', '80', '120', '80', '90', '30', '510']"
840,啃果虫,草/龙,熟成/贪吃鬼,防弹,苹果居宝可梦,0.2m,0.5kg,255,"['40', '40', '80', '40', '40', '20', '260']"
841,苹裹龙,草/龙,熟成/贪吃鬼,活力,苹果翅宝可梦,0.3m,1.0kg,45,"['70', '110', '80', '95', '60', '70', '485']"
842,丰蜜龙,草/龙,熟成/贪吃鬼,厚脂肪,苹果汁宝可梦,0.4m,13.0kg,45,"['110', '85', '80', '100', '80', '30', '485']"
843,沙包蛇,地面,吐沙/蜕皮,沙隐,沙蛇宝可梦,2.2m,7.6kg,255,"['52', '57', '75', '35', '50', '46', '315']"
844,沙螺蟒,地面,吐沙/蜕皮,沙隐,沙蛇宝可梦,3.8m,65.5kg,120,"['72', '107', '125', '65', '70', '71', '510']"
845,古月鸟,飞行/水,一口导弹,,一口吞宝可梦,0.8m,18.0kg,45,"['70', '85', '55', '85', '95', '85', '475']"
846,刺梭鱼,水,悠游自如,螺旋尾鳍,突击宝可梦,0.5m,1.0kg,255,"['41', '63', '40', '40', '30', '66', '280']"
847,戽斗尖梭,水,悠游自如,螺旋尾鳍,穿刺宝可梦,1.3m,30.0kg,60,"['61', '123', '60', '60', '50', '136', '490']"
848,毒电婴,电/毒,胆怯/静电,笨拙,婴儿宝可梦,0.4m,11.0kg,75,"['40', '38', '35', '54', '35', '40', '242']"
849,颤弦蝾螈,电/毒,庞克摇滚/正电,技术高手,庞克宝可梦,1.6m,40.0kg,45,"['75', '98', '70', '114', '70', '75', '502']"
850,烧火蚣,火/虫,白色煙霧/引火,火焰之躯,发热宝可梦,0.7m,1.0kg,190,"['50', '65', '45', '50', '50', '45', '305']"
851,焚焰蚣,火/虫,白色煙霧/引火,火焰之躯,发热宝可梦,3.0m,120.0kg,75,"['100', '115', '65', '90', '90', '65', '525']"
852,拳拳蛸,格斗,柔软,技术高手,缠人宝可梦,0.6m,4.0kg,180,"['50', '68', '60', '50', '50', '32', '310']"
853,八爪武师,格斗,柔软,技术高手,柔术宝可梦,1.6m,39.0kg,45,"['80', '118', '90', '70', '80', '42', '480']"
854,来悲茶,幽灵,碎裂铠甲,诅咒之躯,红茶宝可梦,0.1m,0.2kg,120,"['40', '45', '45', '74', '54', '50', '308']"
855,怖思壶,幽灵,碎裂铠甲,诅咒之躯,红茶宝可梦,0.2m,0.4kg,60,"['60', '65', '65', '134', '114', '70', '508']"
856,迷布莉姆,超能力,治愈之心/危险预知,魔法镜,宁静宝可梦,0.4m,3.4kg,235,"['42', '30', '45', '56', '53', '39', '265']"
857,提布莉姆,超能力,治愈之心/危险预知,魔法镜,肃静宝可梦,0.6m,4.8kg,120,"['57', '40', '65', '86', '73', '49', '370']"
858,布莉姆温,超能力/妖精,治愈之心/危险预知,魔法镜,寂静宝可梦,2.1m,5.1kg,45,"['57', '90', '95', '136', '103', '29', '510']"
859,捣蛋小妖,恶/妖精,察觉/恶作剧之心,顺手牵羊,捉弄宝可梦,0.4m,5.5kg,255,"['45', '45', '30', '55', '40', '50', '265']"
860,诈唬魔,恶/妖精,察觉/恶作剧之心,顺手牵羊,坏心眼宝可梦,0.8m,12.5kg,120,"['65', '60', '45', '75', '55', '70', '370']"
861,长毛巨魔,恶/妖精,察觉/恶作剧之心,顺手牵羊,健美宝可梦,1.5m,61.0kg,45,"['95', '120', '65', '95', '75', '60', '510']"
862,堵拦熊,恶/一般,捨身/毅力,不服输,停止宝可梦,1.6m,46.0kg,45,"['93', '90', '101', '60', '81', '95', '520']"
863,喵头目,钢,硬爪/战斗盔甲,钢之意志,维京宝可梦,0.8m,28.0kg,90,"['70', '110', '100', '50', '60', '50', '440']"
864,魔灵珊瑚,幽灵,碎裂铠甲,灭亡之躯,珊瑚宝可梦,1.0m,0.4kg,30,"['60', '95', '50', '145', '130', '30', '510']"
865,葱游兵,格斗,不屈之心,胆量,黃嘴鴨宝可梦,0.8m,117.0kg,45,"['62', '135', '95', '68', '82', '65', '507']"
866,踏冰人偶,冰/超能力,蹒跚/除障,冰冻之躯,喜剧演员宝可梦,1.5m,58.2kg,45,"['80', '85', '75', '110', '100', '70', '520']"
867,死神板,地面/幽灵,游魂,,怨念宝可梦,1.6m,66.6kg,90,"['58', '95', '145', '50', '105', '30', '483']"
868,小仙奶,妖精,甜幕,芳香幕,鲜奶油宝可梦,0.2m,0.3kg,200,"['45', '40', '40', '50', '61', '34', '270']"
869,霜奶仙,妖精,甜幕,芳香幕,鲜奶油宝可梦,0.3m,0.5kg,100,"['65', '60', '75', '110', '121', '64', '495']"
870,列阵兵,格斗,战斗盔甲,不服输,阵形宝可梦,3.0m,62.0kg,45,"['65', '100', '100', '70', '60', '75', '470']"
871,啪嚓海胆,电,避雷针,电气制造者,海胆宝可梦,0.3m,1.0kg,75,"['48', '101', '95', '91', '85', '15', '435']"
872,雪吞虫,冰/虫,鳞粉,冰鳞粉,虫宝宝宝可梦,0.3m,3.8kg,190,"['30', '25', '35', '45', '30', '20', '185']"
873,雪绒蛾,冰/虫,鳞粉,冰鳞粉,冰蛾宝可梦,1.3m,42.0kg,75,"['70', '65', '60', '125', '90', '65', '475']"
874,巨石丁,岩石,能量点,,巨石宝可梦,2.5m,520.0kg,60,"['100', '125', '135', '20', '20', '70', '470']"
875,冰砌鹅,冰,结冻头,,企鹅宝可梦,1.4m,89.0kg,60,"['75', '80', '110', '65', '90', '50', '470']"
876,爱管侍,超能力/一般,同步/精神力,精神制造者,感情宝可梦,0.9m,28.0kg,30,"['60', '65', '55', '105', '95', '95', '475']"
877,莫鲁贝可,电/恶,饱了又饿,,双面宝可梦,0.3m,3.0kg,180,"['58', '95', '58', '70', '58', '97', '436']"
878,铜象,钢,强行,重金属,像铜宝可梦,1.2m,100.0kg,190,"['72', '80', '49', '40', '49', '40', '330']"
879,大王铜象,钢,强行,重金属,像铜宝可梦,3.0m,650.0kg,90,"['122', '130', '69', '80', '69', '30', '500']"
880,雷鸟龙,电/龙,蓄电/活力,拨沙,化石宝可梦,1.8m,190.0kg,45,"['90', '100', '90', '80', '70', '75', '505']"
881,雷鸟海兽,电/冰,静电/蓄电,拨雪,化石宝可梦,2.3m,150.0kg,45,"['90', '100', '90', '90', '80', '55', '505']"
882,鳃鱼龙,水/龙,强壮之颚/储水,拨沙,化石宝可梦,2.3m,215.0kg,45,"['90', '90', '100', '70', '80', '75', '505']"
883,鳃鱼海兽,水/冰,冰冻之躯/储水,拨雪,化石宝可梦,2.0m,175.0kg,45,"['90', '90', '100', '80', '90', '55', '505']"
884,铝钢龙,钢/龙,轻金属/重金属,坚毅,合金宝可梦,1.8m,40.0kg,45,"['70', '95', '115', '120', '50', '85', '535']"
885,多龙梅西亚,龙/幽灵,穿透/恒净之躯,诅咒之躯,哀怨宝可梦,0.5m,2.0kg,45,"['28', '60', '30', '40', '30', '82', '270']"
886,多龙奇,龙/幽灵,穿透/恒净之躯,诅咒之躯,保姆宝可梦,1.4m,11.0kg,45,"['68', '80', '50', '60', '50', '102', '410']"
887,多龙巴鲁托,龙/幽灵,穿透/恒净之躯,诅咒之躯,隐形宝可梦,3.0m,50.0kg,45,"['88', '120', '75', '100', '75', '142', '600']"
888,苍响,妖精,不挠之剑,,强者宝可梦,2.8m,110.0kg,10,"['92', '120', '115', '80', '115', '138', '660']"
889,藏玛然特,格斗,不屈之盾,,强者宝可梦,2.9m,210.0kg,10,"['92', '120', '115', '80', '115', '138', '660']"
890,无极汰那,毒/龙,压迫感,,超极巨宝可梦,20.0m,950.0kg,255,"['140', '85', '95', '145', '95', '130', '690']"
891,熊徒弟,格斗,精神力,,拳法宝可梦,0.6m,12.0kg,3,"['60', '90', '60', '53', '50', '72', '385']"
892,武道熊师,格斗/恶,无形拳,,拳法宝可梦,1.9m,105.0kg,3,"['100', '130', '100', '63', '60', '97', '550']"
893,萨戮德,恶/草,叶子防守,,恶猿宝可梦,1.8m,70.0kg,3,"['105', '120', '105', '70', '95', '105', '600']"
894,雷吉艾勒奇,电,电晶体,,电子宝可梦,1.2m,145.0kg,3,"['80', '100', '50', '100', '50', '200', '580']"
895,雷吉铎拉戈,龙,龙颚,,龙玉宝可梦,2.1m,200.0kg,3,"['200', '100', '50', '100', '50', '80', '580']"
896,雪暴马,冰,苍白嘶鸣,,烈马宝可梦,2.2m,800.0kg,3,"['100', '145', '130', '65', '110', '30', '580']"
897,灵幽马,幽灵,漆黑嘶鸣,,骏马宝可梦,2.0m,44.5kg,3,"['100', '65', '60', '145', '80', '130', '580']"
898,蕾冠王,超能力/草,紧张感,,国王宝可梦,1.1m,7.7kg,3,"['100', '80', '80', '80', '80', '80', '500']"
899,诡角鹿,一般/超能力,察覺/威嚇,食草,大角宝可梦,1.8m,95.1kg,45,"['103', '105', '72', '105', '75', '65', '525']"
900,劈斧螳螂,虫/岩石,蟲之預感/强行,锋锐,斧钺宝可梦,1.8m,89.0kg,15,"['70', '135', '95', '45', '70', '85', '500']"
901,月月熊,地面/一般,防弹/毅力,紧张感,泥炭宝可梦,2.4m,290.0kg,20,"['130', '140', '105', '45', '80', '50', '550']"
902,幽尾玄鱼,水/幽灵,適應力/悠游自如,破格,大鱼宝可梦,3.0m,110.0kg,45,"['120', '112', '65', '80', '75', '78', '530']"
903,大狃拉,格斗/毒,轻装/压迫感,毒手,攀崖宝可梦,1.3m,43.0kg,20,"['80', '130', '60', '40', '80', '120', '510']"
904,万针鱼,恶/毒,毒刺/悠游自如,威吓,剑山宝可梦,2.5m,60.5kg,45,"['85', '115', '95', '65', '65', '85', '510']"
905,眷恋云,妖精/飞行,迷人之躯,唱反调,爱憎宝可梦,1.6m,48.0kg,3,"['74', '115', '70', '135', '80', '106', '580']"
906,新叶喵,草,茂盛,变幻自如,草猫宝可梦,0.4m,4.1kg,45,"['40', '61', '54', '45', '45', '65', '310']"
907,蒂蕾喵,草,茂盛,变幻自如,草猫宝可梦,0.9m,12.2kg,45,"['61', '80', '63', '60', '63', '83', '410']"
908,魔幻假面喵,草/恶,茂盛,变幻自如,魔术师宝可梦,1.5m,31.2kg,45,"['76', '110', '70', '81', '70', '123', '530']"
909,呆火鳄,火,猛火,纯朴,火鳄宝可梦,0.4m,9.8kg,45,"['67', '45', '59', '63', '40', '36', '310']"
910,炙烫鳄,火,猛火,纯朴,火鳄宝可梦,1.0m,30.7kg,45,"['81', '55', '78', '90', '58', '49', '411']"
911,骨纹巨声鳄,火/幽灵,猛火,纯朴,歌手宝可梦,1.6m,326.5kg,45,"['104', '75', '100', '110', '75', '66', '530']"
912,润水鸭,水,激流,自信过度,小鸭宝可梦,0.5m,6.1kg,45,"['55', '65', '45', '50', '45', '50', '310']"
913,涌跃鸭,水,激流,自信过度,习艺宝可梦,1.2m,21.5kg,45,"['70', '85', '65', '65', '60', '65', '410']"
914,狂欢浪舞鸭,水/格斗,激流,自信过度,舞者宝可梦,1.8m,61.9kg,45,"['85', '120', '80', '85', '75', '85', '530']"
915,爱吃豚,一般,贪吃鬼/芳香幕,厚脂肪,猪宝可梦,0.5m,10.2kg,255,"['54', '45', '40', '35', '45', '35', '254']"
916,飘香豚,一般,甩不掉的气味/贪吃鬼,厚脂肪,猪宝可梦,1.0m,120.0kg,100,"['110', '100', '75', '59', '80', '65', '489']"
917,团珠蛛,虫,不眠,蹲守,线球宝可梦,0.3m,4.0kg,255,"['35', '41', '45', '29', '40', '20', '210']"
918,操陷蛛,虫,不眠,蹲守,陷阱宝可梦,1.0m,16.5kg,120,"['60', '79', '92', '52', '86', '35', '404']"
919,豆蟋蟀,虫,虫之预感,有色眼镜,蝗虫宝可梦,0.2m,1.0kg,190,"['33', '46', '40', '21', '25', '45', '210']"
920,烈腿蝗,虫/恶,虫之预感,有色眼镜,蝗虫宝可梦,1.0m,17.5kg,30,"['71', '102', '78', '52', '55', '92', '450']"
921,布拨,电,自然回复/静电,铁拳,鼠宝可梦,0.3m,2.5kg,190,"['45', '50', '20', '40', '25', '60', '240']"
922,布土拨,电/格斗,自然回复/蓄电,铁拳,鼠宝可梦,0.4m,6.5kg,80,"['60', '75', '40', '50', '40', '85', '350']"
923,巴布土拨,电/格斗,自然回复/蓄电,铁拳,押掌宝可梦,0.9m,41.0kg,45,"['70', '115', '70', '70', '60', '105', '490']"
924,一对鼠,一般,逃跑/捡拾,我行我素,成对宝可梦,0.3m,1.8kg,150,"['50', '50', '45', '40', '45', '75', '305']"
925,一家鼠,一般,友情防守/颊囊,技术高手,家族宝可梦,0.3m,2.3kg,75,"['74', '75', '70', '65', '75', '111', '470']"
926,狗仔包,妖精,我行我素,笨拙,小狗宝可梦,0.3m,10.9kg,190,"['37', '55', '70', '30', '55', '65', '312']"
927,麻花犬,妖精,焦香之躯,芳香幕,狗宝可梦,0.5m,14.9kg,90,"['57', '80', '115', '50', '80', '95', '477']"
928,迷你芙,草/一般,早起,收获,橄榄宝可梦,0.3m,6.5kg,255,"['41', '35', '45', '58', '51', '30', '260']"
929,奥利纽,草/一般,早起,收获,橄榄宝可梦,0.6m,11.9kg,120,"['52', '53', '60', '78', '78', '33', '354']"
930,奥利瓦,草/一般,掉出种子,收获,橄榄宝可梦,1.4m,48.2kg,45,"['78', '69', '90', '125', '109', '39', '510']"
931,怒鹦哥,一般/飞行,威吓/活力,毅力,鹦鹉宝可梦,0.6m,2.4kg,190,"['82', '96', '51', '45', '51', '92', '417']"
932,盐石宝,岩石,结实/洁净之盐,恒净之躯,岩盐宝可梦,0.4m,16.0kg,255,"['55', '55', '75', '35', '35', '25', '280']"
933,盐石垒,岩石,结实/洁净之盐,恒净之躯,岩盐宝可梦,0.6m,105.0kg,120,"['60', '60', '100', '35', '65', '35', '355']"
934,盐石巨灵,岩石,结实/洁净之盐,恒净之躯,岩盐宝可梦,2.3m,240.0kg,45,"['100', '100', '130', '45', '90', '35', '500']"
935,炭小侍,火,引火,火焰之躯,小火星宝可梦,0.6m,10.5kg,90,"['40', '50', '40', '50', '40', '35', '255']"
936,红莲铠骑,火/超能力,引火,碎裂铠甲,火战士宝可梦,1.5m,85.0kg,25,"['85', '60', '100', '125', '80', '75', '525']"
937,苍炎刃鬼,火/幽灵,引火,碎裂铠甲,火剑士宝可梦,1.6m,62.0kg,25,"['75', '125', '80', '60', '100', '85', '525']"
938,光蚪仔,电,静电/我行我素,湿气,电蝌蚪宝可梦,0.3m,0.4kg,190,"['61', '31', '41', '59', '35', '45', '272']"
939,电肚蛙,电,静电/电力转换,湿气,电蛙宝可梦,1.2m,113.0kg,50,"['109', '64', '91', '103', '83', '45', '495']"
940,电海燕,电/飞行,蓄电/风力发电,好胜,海燕宝可梦,0.4m,3.6kg,180,"['40', '40', '35', '55', '40', '70', '280']"
941,大电海燕,电/飞行,蓄电/风力发电,好胜,军舰鸟宝可梦,1.4m,38.6kg,90,"['70', '70', '60', '105', '60', '125', '490']"
942,偶叫獒,恶,威吓/逃跑,蹲守,小辈宝可梦,0.5m,16.0kg,150,"['60', '78', '60', '40', '51', '51', '340']"
943,獒教父,恶,威吓/看门犬,蹲守,大佬宝可梦,1.1m,61.0kg,75,"['80', '120', '90', '60', '70', '85', '505']"
944,滋汁鼹,毒/一般,轻装/顺手牵羊,恶作剧之心,毒鼠宝可梦,0.2m,0.7kg,190,"['40', '65', '35', '40', '35', '75', '290']"
945,涂标客,毒/一般,轻装/毒手,恶作剧之心,毒猴宝可梦,0.7m,27.2kg,90,"['63', '95', '65', '80', '72', '110', '485']"
946,纳噬草,草/幽灵,乘风,穿透,滚草宝可梦,0.6m,0.6kg,190,"['40', '65', '30', '45', '35', '60', '275']"
947,怖纳噬草,草/幽灵,乘风,穿透,滚草宝可梦,1.2m,6.0kg,45,"['55', '115', '70', '80', '70', '90', '480']"
948,原野水母,地面/草,菌丝之力,,木耳宝可梦,0.9m,33.0kg,190,"['40', '40', '35', '50', '100', '70', '335']"
949,陆地水母,地面/草,菌丝之力,,木耳宝可梦,1.9m,58.0kg,90,"['80', '70', '65', '80', '120', '100', '515']"
950,毛崖蟹,岩石,愤怒甲壳/硬壳盔甲,再生力,埋伏宝可梦,1.3m,79.0kg,120,"['70', '100', '115', '35', '55', '75', '450']"
951,热辣娃,草,叶绿素/不眠,笨拙,热辣宝可梦,0.3m,3.0kg,190,"['50', '62', '40', '62', '40', '50', '304']"
952,狠辣椒,草/火,叶绿素/不眠,心情不定,热辣宝可梦,0.9m,15.0kg,75,"['65', '108', '65', '108', '65', '75', '486']"
953,虫滚泥,虫,复眼,蜕皮,滚动宝可梦,0.2m,1.0kg,190,"['41', '50', '60', '31', '58', '30', '270']"
954,虫甲圣,虫/超能力,同步,心灵感应,滚动宝可梦,0.3m,3.5kg,45,"['75', '50', '85', '115', '100', '45', '470']"
955,飘飘雏,超能力,危险预知/察觉,加速,褶边宝可梦,0.2m,1.5kg,120,"['30', '35', '30', '55', '30', '75', '255']"
956,超能艳鸵,超能力,察觉/跟风,加速,鸵鸟宝可梦,1.9m,90.0kg,60,"['95', '60', '60', '101', '60', '105', '481']"
957,小锻匠,妖精/钢,破格/我行我素,顺手牵羊,锤炼宝可梦,0.4m,8.9kg,190,"['50', '45', '45', '35', '64', '58', '297']"
958,巧锻匠,妖精/钢,破格/我行我素,顺手牵羊,锤子宝可梦,0.7m,59.1kg,90,"['65', '55', '55', '45', '82', '78', '380']"
959,巨锻匠,妖精/钢,破格/我行我素,顺手牵羊,锤子宝可梦,0.7m,112.8kg,45,"['85', '75', '77', '70', '105', '94', '506']"
960,海地鼠,水,黏滑/胆怯,沙隐,糯鳗宝可梦,1.2m,1.8kg,255,"['10', '55', '25', '35', '25', '95', '245']"
961,三海地鼠,水,黏滑/胆怯,沙隐,糯鳗宝可梦,1.2m,5.4kg,50,"['35', '100', '50', '50', '70', '120', '425']"
962,下石鸟,飞行/恶,健壮胸肌/锐利目光,搬岩,掉东西宝可梦,1.5m,42.9kg,25,"['70', '103', '85', '60', '85', '82', '485']"
963,波普海豚,水,水幕,,海豚宝可梦,1.3m,60.2kg,200,"['70', '45', '40', '45', '40', '75', '315']"
964,海豚侠,水,全能变身,,海豚宝可梦,1.3m,60.2kg,45,"['100', '70', '72', '53', '62', '100', '457']"
965,噗隆隆,钢/毒,防尘,慢启动,单汽缸宝可梦,1.0m,35.0kg,190,"['45', '70', '63', '30', '45', '47', '300']"
966,普隆隆姆,钢/毒,防尘,过滤,多汽缸宝可梦,1.8m,120.0kg,75,"['80', '119', '90', '54', '67', '90', '500']"
967,摩托蜥,龙/一般,蜕皮,再生力,坐骑宝可梦,1.6m,63.0kg,190,"['70', '95', '65', '85', '65', '121', '501']"
968,拖拖蚓,钢,食土,沙隐,蚯蚓宝可梦,2.5m,310.0kg,25,"['70', '85', '145', '60', '55', '65', '480']"
969,晶光芽,岩石/毒,毒满地,腐蚀,矿石宝可梦,0.7m,8.0kg,70,"['48', '35', '42', '105', '60', '60', '350']"
970,晶光花,岩石/毒,毒满地,腐蚀,矿石宝可梦,1.5m,45.0kg,25,"['83', '55', '90', '130', '81', '86', '525']"
971,墓仔狗,幽灵,捡拾,毛茸茸,鬼犬宝可梦,0.6m,35.0kg,120,"['50', '61', '60', '30', '55', '34', '290']"
972,墓扬犬,幽灵,拨沙,毛茸茸,鬼犬宝可梦,2.0m,15.0kg,60,"['72', '101', '100', '50', '97', '68', '488']"
973,缠红鹤,飞行/格斗,蹒跚/胆量,同台共演,同步宝可梦,1.6m,37.0kg,100,"['82', '115', '74', '75', '64', '90', '500']"
974,走鲸,冰,雪隐/厚脂肪,强行,陆鲸宝可梦,1.2m,45.0kg,150,"['108', '68', '45', '30', '40', '43', '334']"
975,浩大鲸,冰,拨雪/厚脂肪,强行,陆鲸宝可梦,4.5m,700.0kg,50,"['170', '113', '65', '45', '55', '73', '521']"
976,轻身鳕,水/超能力,破格,锋锐,卸除宝可梦,2.5m,90.0kg,100,"['90', '102', '73', '78', '65', '70', '478']"
977,吃吼霸,水,纯朴/迟钝,水幕,大鲶宝可梦,12.0m,220.0kg,25,"['150', '100', '115', '65', '65', '35', '530']"
978,米立龙,龙/水,发号施令,引水,拟态宝可梦,0.3m,8.0kg,100,"['68', '50', '60', '120', '95', '82', '475']"
979,弃世猴,格斗/幽灵,精神力/干劲,不服输,愤怒猴宝可梦,1.2m,56.0kg,45,"['110', '115', '80', '50', '90', '90', '535']"
980,土王,毒/地面,毒刺/储水,纯朴,刺鱼宝可梦,1.8m,223.0kg,90,"['130', '75', '60', '45', '100', '20', '430']"
981,奇麒麟,一般/超能力,反刍/尾甲,食草,长颈宝可梦,3.2m,160.0kg,45,"['120', '90', '70', '110', '70', '60', '520']"
982,土龙节节,一般,逃跑/天恩,胆怯,地蛇宝可梦,3.6m,39.2kg,45,"['125', '100', '80', '85', '75', '55', '520']"
983,仆刀将军,恶/钢,不服输/大将,压迫感,大刀宝可梦,2.0m,120.0kg,25,"['100', '135', '120', '60', '85', '50', '550']"
984,雄伟牙,地面/格斗,古代活性,,悖谬宝可梦,2.2m,320.0kg,30,"['115', '131', '131', '53', '53', '87', '570']"
985,吼叫尾,妖精/超能力,古代活性,,悖谬宝可梦,1.2m,8.0kg,50,"['115', '65', '99', '65', '115', '111', '570']"
986,猛恶菇,草/恶,古代活性,,悖谬宝可梦,1.2m,21.0kg,50,"['111', '127', '99', '79', '99', '55', '570']"
987,振翼发,幽灵/妖精,古代活性,,悖谬宝可梦,1.4m,4.0kg,30,"['55', '55', '55', '135', '135', '135', '570']"
988,爬地翅,虫/格斗,古代活性,,悖谬宝可梦,3.2m,92.0kg,30,"['85', '135', '79', '85', '105', '81', '570']"
989,沙铁皮,电/地面,古代活性,,悖谬宝可梦,2.3m,60.0kg,30,"['85', '81', '97', '121', '85', '101', '570']"
990,铁辙迹,地面/钢,夸克充能,,悖谬宝可梦,0.9m,240.0kg,30,"['90', '112', '120', '72', '70', '106', '570']"
991,铁包袱,冰/水,夸克充能,,悖谬宝可梦,0.6m,11.0kg,50,"['56', '80', '114', '124', '60', '136', '570']"
992,铁臂膀,格斗/电,夸克充能,,悖谬宝可梦,1.8m,380.7kg,50,"['154', '140', '108', '50', '68', '50', '570']"
993,铁脖颈,恶/飞行,夸克充能,,悖谬宝可梦,1.3m,111.0kg,30,"['94', '80', '86', '122', '80', '108', '570']"
994,铁毒蛾,火/毒,夸克充能,,悖谬宝可梦,1.2m,36.0kg,30,"['80', '70', '60', '140', '110', '110', '570']"
995,铁荆棘,岩石/电,夸克充能,,悖谬宝可梦,1.6m,303.0kg,30,"['100', '134', '110', '70', '84', '72', '570']"
996,凉脊龙,龙/冰,热交换,冰冻之躯,冰鳍宝可梦,0.5m,17.0kg,45,"['65', '75', '45', '35', '45', '55', '320']"
997,冻脊龙,龙/冰,热交换,冰冻之躯,冰鳍宝可梦,0.8m,30.0kg,25,"['90', '95', '66', '45', '65', '62', '423']"
998,戟脊龙,龙/冰,热交换,冰冻之躯,冰龙宝可梦,2.1m,210.0kg,10,"['115', '145', '92', '75', '86', '87', '600']"
999,索财灵,幽灵,胆怯,,宝箱宝可梦,0.3m,5.0kg,45,"['45', '30', '70', '75', '70', '10', '300']"
1000,赛富豪,钢/幽灵,黄金之躯,,宝者宝可梦,1.2m,30.0kg,45,"['87', '60', '95', '133', '91', '84', '550']"
1001,古简蜗,恶/草,灾祸之简,,灾厄宝可梦,1.5m,74.2kg,6,"['85', '85', '100', '95', '135', '70', '570']"
1002,古剑豹,恶/冰,灾祸之剑,,灾厄宝可梦,1.9m,152.2kg,6,"['80', '120', '80', '90', '65', '135', '570']"
1003,古鼎鹿,恶/地面,灾祸之鼎,,灾厄宝可梦,2.7m,699.7kg,6,"['155', '110', '125', '55', '80', '45', '570']"
1004,古玉鱼,恶/火,灾祸之玉,,灾厄宝可梦,0.4m,4.9kg,6,"['55', '80', '80', '135', '120', '100', '570']"
1005,轰鸣月,龙/恶,古代活性,,悖谬宝可梦,2.0m,380.0kg,10,"['105', '139', '71', '55', '101', '119', '590']"
1006,铁武者,妖精/格斗,夸克充能,,悖谬宝可梦,1.4m,35.0kg,10,"['74', '130', '90', '120', '60', '116', '590']"
1007,故勒顿,格斗/龙,绯红脉动,,悖谬宝可梦,2.5m,303.0kg,3,"['100', '135', '115', '85', '100', '135', '670']"
1008,密勒顿,电/龙,强子引擎,,悖谬宝可梦,3.5m,240.0kg,3,"['100', '85', '100', '135', '115', '135', '670']"
1009,波荡水,水/龙,古代活性,,悖谬宝可梦,3.5m,280.0kg,5,"['99', '83', '91', '125', '83', '109', '590']"
1010,铁斑叶,草/超能力,夸克充能,,悖谬宝可梦,1.5m,125.0kg,5,"['90', '130', '88', '70', '108', '104', '590']"
1011,裹蜜虫,草/龙,甘露之蜜/贪吃鬼,黏着,糖苹果宝可梦,0.4m,4.4kg,45,"['80', '80', '110', '95', '80', '40', '485']"
1012,斯魔茶,草/幽灵,款待,耐热,抹茶宝可梦,0.1m,1.1kg,120,"['40', '45', '45', '74', '54', '50', '308']"
1013,来悲粗茶,草/幽灵,款待,耐热,抹茶宝可梦,0.2m,2.2kg,60,"['71', '60', '106', '121', '80', '70', '508']"
1014,够赞狗,毒/格斗,毒锁链,看门犬,随从宝可梦,1.8m,92.2kg,3,"['88', '128', '115', '58', '86', '80', '555']"
1015,愿增猿,毒/超能力,毒锁链,察觉,随从宝可梦,1.0m,12.2kg,3,"['88', '75', '66', '130', '90', '106', '555']"
1016,吉雉鸡,毒/妖精,毒锁链,技术高手,随从宝可梦,1.4m,30.1kg,3,"['88', '91', '82', '70', '125', '99', '555']"
1017,厄诡椪,草,不服輸,面影辉映,面具宝可梦,1.2m,39.8kg,5,"['80', '120', '84', '60', '96', '110', '550']"
1018,铝钢桥龙,钢/龙,持久力/结实,坚毅,合金宝可梦,2.0m,60.0kg,10,"['90', '105', '130', '125', '65', '85', '600']"
1019,蜜集大蛇,草/龙,再生力/甘露之蜜,黏着,苹果大蛇宝可梦,1.8m,93.0kg,10,"['106', '80', '110', '120', '80', '44', '540']"
1020,破空焰,火/龙,古代活性,,悖谬宝可梦,3.5m,590.0kg,10,"['105', '115', '121', '65', '93', '91', '590']"
1021,猛雷鼓,电/龙,古代活性,,悖谬宝可梦,5.2m,480.0kg,10,"['125', '73', '91', '137', '89', '75', '590']"
1022,铁磐岩,岩石/超能力,夸克充能,,悖谬宝可梦,1.5m,162.5kg,10,"['90', '120', '80', '68', '108', '124', '590']"
1023,铁头壳,钢/超能力,夸克充能,,悖谬宝可梦,1.6m,156.0kg,10,"['90', '72', '100', '122', '108', '98', '590']"
1024,太乐巴戈斯,一般,太晶变形,,太晶宝可梦,0.2m,6.5kg,255,"['90', '65', '85', '65', '85', '60', '450']"
1025,桃歹郎,毒/幽灵,毒傀儡,,支配宝可梦,0.3m,0.3kg,3,"['88', '88', '160', '88', '88', '88', '600']"
